"","crime_day","temp","wdsp","NUM_CRIMES"
"3",5,10.3,16.9,0.0445026178010471
"4",6,24.2,30.5,0.081151832460733
"8",3,9.7,9.6,0.138743455497382
"9",4,15.3,9,0.178010471204188
"10",5,29.8,14.3,0.232984293193717
"11",6,37.4,19.5,0.282722513089005
"12",7,32.3,19.4,0.371727748691099
"13",1,42.8,21.6,0.56282722513089
"14",2,31.8,18.3,0.371727748691099
"15",3,20.4,18.3,0.526178010471204
"16",4,24.5,23.3,0.37434554973822
"17",5,18.3,17.6,0.528795811518325
"18",6,16.1,15.3,0.306282722513089
"19",7,22.4,16.4,0.267015706806283
"20",1,32.6,14.2,0.392670157068063
"21",2,15,24.6,0.115183246073298
"22",3,7.9,13.3,0.206806282722513
"23",4,5,21.9,0.209424083769634
"24",5,6.5,26.8,0.37434554973822
"25",6,22.9,25.2,0.345549738219895
"26",7,15.5,19.7,0.130890052356021
"27",1,6.3,24.5,0
"28",2,-3.6,15.6,0.128272251308901
"29",3,9.9,17.9,0.476439790575916
"30",4,24.7,31.7,0.539267015706806
"31",5,24.8,11,0.518324607329843
"32",6,26.4,8.8,0.646596858638743
"33",7,20.4,11.8,0.0968586387434555
"34",1,15.5,6.3,0.342931937172775
"35",2,19.2,6.8,0.261780104712042
"36",3,22.8,22.2,0.0392670157068063
"37",4,9.6,13.2,0.170157068062827
"38",5,4.9,16.3,0.384816753926702
"39",6,11.7,11.1,0.151832460732984
"40",7,15.6,10.9,0.269633507853403
"41",1,9,12.9,0.193717277486911
"42",2,8.3,10.5,0.130890052356021
"43",3,15.5,11.1,0.159685863874346
"44",4,22.9,14,0.256544502617801
"45",5,20.8,14.9,0.395287958115183
"46",6,18.1,12.2,0.243455497382199
"47",7,19.6,14.3,0.102094240837696
"48",1,22.9,18.5,0.136125654450262
"49",2,31,17.7,0.227748691099476
"50",3,39.8,15.6,0.429319371727749
"51",4,34.8,13.1,0.269633507853403
"52",5,34.5,30.1,0.450261780104712
"53",6,29.6,19.7,0.267015706806283
"54",7,23.8,14.1,0.225130890052356
"55",1,18.6,17.8,0.235602094240838
"56",2,18.6,14.9,0.272251308900524
"57",3,8.1,19.6,0.303664921465969
"58",4,10.9,21.1,0.175392670157068
"59",5,12.7,13.1,0.405759162303665
"60",6,24.5,14.5,0.5
"61",7,10.7,18.3,0.0130890052356021
"62",1,8.2,12.2,0.12303664921466
"63",2,15.5,8.3,0.214659685863874
"64",3,20.2,11.6,0.238219895287958
"65",4,18.6,10.6,0.303664921465969
"66",5,27.9,12.1,0.554973821989529
"67",6,31.9,16.5,0.361256544502618
"68",7,27.8,10.1,0.198952879581152
"69",1,45.5,23.8,0.704188481675393
"70",2,43.4,11.4,0.400523560209424
"71",3,28.1,26.2,0.298429319371728
"72",4,23.2,15.8,0.447643979057592
"73",5,42.4,26.9,0.735602094240838
"74",6,35.5,15.8,0.782722513089005
"75",7,22.5,23.1,0.240837696335079
"76",1,22.7,14.3,0.413612565445026
"77",2,33.6,13.9,0.712041884816754
"78",3,40.8,14.9,0.565445026178011
"79",4,34.7,13.4,0.620418848167539
"80",5,34.9,10.7,0.670157068062827
"81",6,40.8,15.8,0.505235602094241
"82",7,25,15.3,0.269633507853403
"83",1,24.2,7.6,0.397905759162304
"84",2,27.1,16,0.408376963350785
"85",3,25.2,11.3,0.468586387434555
"86",4,38.2,26.2,0.452879581151832
"87",5,41.8,20.7,0.628272251308901
"88",6,32.4,15.2,0.589005235602094
"89",7,35.2,9.2,0.5
"90",1,48.7,18.6,0.5
"91",2,44.7,25.1,1
"92",3,38.3,14.2,0.468586387434555
"93",4,35.5,17.2,0.445026178010471
"94",5,38.5,19,0.693717277486911
"95",6,36,14,0.539267015706806
"96",7,41.2,12,0.426701570680628
"97",1,39.3,7.9,0.565445026178011
"98",2,44,8.2,0.534031413612565
"99",3,43.8,6.2,0.602094240837696
"100",4,55.8,21.2,0.691099476439791
"101",5,50.3,7,0.630890052356021
"102",6,61.7,17.6,0.853403141361257
"103",7,65.7,22.8,0.350785340314136
"104",1,41.6,24,0.37434554973822
"105",2,29.1,16.5,0.536649214659686
"106",3,37.3,15.8,0.591623036649215
"107",4,47.8,18.8,0.759162303664921
"108",5,42.7,11.6,0.630890052356021
"109",6,39,10.8,0.549738219895288
"110",7,51.7,13,0.37696335078534
"111",1,63.3,13.6,0.484293193717277
"112",2,48.6,14,0.5
"113",3,37.8,11.4,0.50261780104712
"114",4,43.7,13.6,0.583769633507853
"115",5,50.9,12.6,0.790575916230366
"116",6,49.2,14.3,0.609947643979058
"117",7,41.8,18.6,0.332460732984293
"118",1,45.9,15.1,0.468586387434555
"119",2,48.1,9.6,0.633507853403141
"120",3,51.2,12,0.662303664921466
"121",4,45.8,17.5,0.890052356020942
"122",5,48,14.3,0.835078534031414
"123",6,54,19.8,0.523560209424084
"124",7,52.5,13.5,0.458115183246073
"125",1,43.5,16,0.785340314136126
"126",2,43.8,15.7,0.732984293193717
"127",3,51,14.8,0.586387434554974
"128",4,65.8,13.3,0.581151832460733
"129",5,69,22.1,0.832460732984293
"130",6,60.4,9.9,0.709424083769634
"131",7,62,11.7,0.518324607329843
"132",1,67.2,16.6,0.698952879581152
"133",2,64,15.9,0.698952879581152
"134",3,50.8,13,0.641361256544503
"135",4,43.3,22.2,0.541884816753927
"136",5,39.2,10.6,0.777486910994764
"137",6,46,8.7,0.678010471204188
"138",7,56.8,13.3,0.819371727748691
"139",1,58.3,14.3,0.630890052356021
"140",2,66.3,16.3,0.573298429319372
"141",3,63,9.1,0.753926701570681
"142",4,56.2,8.9,0.636125654450262
"143",5,51,5.1,0.683246073298429
"144",6,51.4,5.3,0.557591623036649
"145",7,56.9,4.5,0.730366492146597
"146",1,69,11,0.609947643979058
"147",2,72,10.7,0.573298429319372
"148",3,53.6,11.4,0.667539267015707
"149",4,51.4,11.5,0.604712041884817
"150",5,53.2,7.2,0.738219895287958
"151",6,57.8,6.9,0.793193717277487
"153",1,73.6,23,0.866492146596859
"154",2,71.2,14.4,0.924083769633508
"155",3,60.3,10.8,0.602094240837696
"156",4,55.3,8,0.670157068062827
"157",5,59.2,3.9,0.819371727748691
"158",6,66.1,8.6,0.848167539267016
"159",7,56.3,21.4,0.594240837696335
"160",1,53.6,11.3,0.727748691099476
"161",2,53.8,11.1,0.335078534031414
"162",3,55.8,14.5,0.599476439790576
"163",4,58.5,7,0.722513089005236
"165",6,62.8,11.5,0.780104712041885
"166",7,67.5,18.8,0.884816753926702
"167",1,75.2,12.4,0.856020942408377
"168",2,75.1,18.5,0.897905759162304
"169",3,70.7,11.7,0.591623036649215
"170",4,58.2,9.5,0.727748691099476
"171",5,68,8.7,0.897905759162304
"172",6,60.5,8.4,0.835078534031414
"173",7,61.6,5.4,0.840314136125654
"174",1,63.4,6.1,0.743455497382199
"175",2,67.9,6.2,0.827225130890052
"176",3,61.3,8.8,0.81413612565445
"177",4,57.2,8.7,0.732984293193717
"178",5,62.1,6.3,0.926701570680628
"179",6,73.1,14.1,0.803664921465969
"180",7,74.8,16.5,0.942408376963351
"181",1,76.1,18.8,0.664921465968586
"183",3,66.5,13.9,0.712041884816754
"184",4,59.4,7.3,0.890052356020942
"185",5,64.6,7.7,0.761780104712042
"186",6,68.2,10.7,0.926701570680628
"187",7,71.4,14.4,0.858638743455497
"188",1,75,15.7,0.924083769633508
"189",2,74.8,13.7,0.712041884816754
"190",3,68.1,10.4,0.806282722513089
"191",4,65.7,6.7,0.719895287958115
"193",6,73.1,11.6,0.691099476439791
"194",7,73.2,14.5,0.793193717277487
"195",1,70.4,7.7,0.709424083769634
"196",2,63,13,0.709424083769634
"197",3,61.3,9.8,0.787958115183246
"198",4,65.5,8.1,0.68848167539267
"199",5,68.1,10.5,0.863874345549738
"200",6,68.8,5.7,0.842931937172775
"201",7,69.8,6.9,0.777486910994764
"202",1,72.5,9,0.691099476439791
"203",2,77,14.8,0.756544502617801
"204",3,68.4,21.3,0.824607329842932
"205",4,62.8,14.2,0.808900523560209
"206",5,66.6,11.4,0.989528795811518
"207",6,69.8,10.1,0.858638743455497
"208",7,75.3,12.3,0.900523560209424
"209",1,62.7,23.1,0.858638743455497
"210",2,64.2,6.3,0.678010471204188
"211",3,64.5,8.3,0.649214659685864
"212",4,69.8,10.1,0.824607329842932
"214",6,68.4,7.1,0.918848167539267
"215",7,72.4,5,0.790575916230366
"216",1,73,8.3,0.617801047120419
"217",2,68.4,7.6,0.732984293193717
"218",3,67.6,9.8,0.68848167539267
"219",4,69.5,7.9,0.777486910994764
"220",5,70.2,13.1,0.719895287958115
"221",6,69.9,14.8,0.892670157068063
"222",7,69.6,12.1,0.808900523560209
"223",1,69.4,12.1,0.861256544502618
"224",2,65.6,15.1,0.56020942408377
"225",3,67.5,9.7,0.816753926701571
"226",4,64.4,9.9,0.657068062827225
"227",5,65.7,7.6,0.829842931937173
"228",6,72,11.4,0.808900523560209
"229",7,68.6,10.9,0.827225130890052
"230",1,66.3,8.9,0.706806282722513
"231",2,76,14.8,0.602094240837696
"232",3,76.4,9.4,0.75130890052356
"233",4,74.5,9.7,0.604712041884817
"234",5,74.7,8.9,0.709424083769634
"235",6,72.5,7.5,0.722513089005236
"236",7,72.6,9.5,0.81413612565445
"237",1,75.1,11.5,0.607329842931937
"238",2,73.8,7,0.675392670157068
"239",3,70.2,6.5,0.620418848167539
"240",4,68.3,11.9,0.50261780104712
"241",5,72.8,14.7,0.887434554973822
"242",6,76,19.1,0.842931937172775
"243",7,75.3,10.1,0.746073298429319
"245",2,72.9,8.6,0.662303664921466
"246",3,73.2,6.7,0.463350785340314
"247",4,74.7,18.5,0.534031413612565
"248",5,77.9,18.6,0.780104712041885
"249",6,64.4,12.6,0.704188481675393
"250",7,67.2,7.1,0.727748691099476
"251",1,68.3,8.6,0.366492146596859
"252",2,69.7,11.5,0.633507853403141
"253",3,71.6,18.9,0.421465968586387
"254",4,53.4,16.9,0.523560209424084
"255",5,53.4,17,0.452879581151832
"256",6,47.2,15,0.363874345549738
"257",7,56.1,6.9,0.56020942408377
"258",1,59.5,9,0.505235602094241
"259",2,55.4,9.7,0.531413612565445
"260",3,59.5,8,0.654450261780105
"261",4,60.6,7.7,0.840314136125654
"262",5,62.7,13.6,0.869109947643979
"263",6,68,19.1,0.785340314136126
"264",7,64.2,18.5,0.641361256544503
"265",1,55.2,13.6,0.583769633507853
"266",4,64.1,7.1,0.539267015706806
"267",5,63.8,5.5,0.871727748691099
"268",6,64.1,4.7,0.903141361256545
"269",7,63.1,4,0.761780104712042
"270",1,67.3,3.6,0.667539267015707
"271",2,54.1,18.3,0.620418848167539
"273",4,64.9,12.5,0.680628272251309
"274",5,60.3,19.2,0.617801047120419
"275",6,43.9,22.2,0.463350785340314
"276",7,47.6,16.8,0.447643979057592
"277",1,54.5,14.4,0.463350785340314
"278",2,57.1,17.9,0.557591623036649
"279",3,57.1,15.8,0.526178010471204
"280",4,55.1,11.2,0.366492146596859
"281",5,53.7,6.4,0.510471204188482
"282",6,53.1,8.9,0.667539267015707
"283",7,54,14.6,0.382198952879581
"284",1,59.2,11.4,0.416230366492147
"285",2,61.7,15.5,0.481675392670157
"286",3,53.8,17,0.594240837696335
"287",4,54,12.6,0.523560209424084
"288",5,56.1,18.3,0.840314136125654
"289",6,49.6,20.3,0.761780104712042
"290",7,47.5,11.5,0.518324607329843
"291",1,53.2,17,0.554973821989529
"292",2,51,19.7,0.609947643979058
"293",3,48.9,8.9,0.476439790575916
"294",4,50.3,12.1,0.602094240837696
"295",5,55.8,8.3,0.87434554973822
"296",6,62.4,13,0.672774869109948
"297",7,54.8,11.8,0.536649214659686
"298",1,60.8,18.1,0.696335078534031
"299",2,60.9,22.8,0.589005235602094
"300",3,47.8,15.8,0.657068062827225
"301",4,46.9,8.1,0.612565445026178
"302",5,43,27.5,0.727748691099476
"303",6,38.5,24.2,0.955497382198953
"304",7,41.7,11.4,0.473821989528796
"305",1,51,21.3,0.596858638743455
"306",2,55.3,23.5,0.602094240837696
"307",3,48.5,13.7,0.518324607329843
"308",4,48,22.8,0.321989528795811
"309",5,39.3,14.8,0.615183246073298
"310",6,43.7,19.4,0.523560209424084
"311",7,42.5,16.5,0.363874345549738
"312",1,50.1,14.7,0.602094240837696
"313",2,50.1,19.1,0.337696335078534
"314",3,30.2,18.1,0.130890052356021
"315",4,26.6,16.7,0.303664921465969
"316",5,26.5,10,0.544502617801047
"317",6,26.8,9.2,0.531413612565445
"318",7,29.2,12.5,0.340314136125654
"319",1,20.5,19.6,0.206806282722513
"320",2,13.9,25,0.204188481675393
"321",3,23,21.7,0.230366492146597
"322",4,23.2,21.8,0.227748691099476
"323",5,22.4,14.6,0.494764397905759
"324",6,37.7,22,0.476439790575916
"325",7,49.2,20.4,0.371727748691099
"326",1,42.4,17.6,0.120418848167539
"327",2,25.3,19.5,0.301047120418848
"328",3,25.1,8.1,0.342931937172775
"330",5,23.2,13.9,0.159685863874346
"331",6,38.3,20.9,0.418848167539267
"332",7,46.3,19.6,0.460732984293194
"333",1,23.8,17.4,0.709424083769634
"334",2,26.7,16.1,0.274869109947644
"335",3,31.3,16,0.534031413612565
"336",4,30.8,10.4,0.379581151832461
"337",5,34.3,9.4,0.675392670157068
"338",6,37.1,15.4,0.301047120418848
"339",7,34.6,15,0.128272251308901
"340",1,34.7,15.5,0.426701570680628
"341",2,35.5,17.6,0.277486910994764
"342",3,32.3,17.5,0.471204188481675
"343",4,29,12.5,0.240837696335079
"344",5,29.7,12.6,0.476439790575916
"345",6,39.8,11.7,0.581151832460733
"346",7,47.8,13.2,0.442408376963351
"347",1,43,15.6,0.479057591623037
"348",2,41,12.2,0.301047120418848
"349",3,28.4,16,0.49738219895288
"350",4,25,7.4,0.316753926701571
"351",5,29.6,6.9,0.583769633507853
"352",6,31.9,7.6,0.507853403141361
"353",7,33.3,14,0.274869109947644
"354",1,34.2,16.2,0.267015706806283
"355",2,42.6,16.5,0.335078534031414
"356",3,40,8,0.0575916230366492
"358",5,41.2,20.3,0.212041884816754
"359",6,44.6,20.3,0.447643979057592
"360",7,30.4,11.8,0.225130890052356
"361",1,30.6,11.6,0.345549738219895
"362",2,20.1,14.3,0.0654450261780105
"363",3,12.1,18.4,0.102094240837696
"364",2,38,18.4,0.380462724935733
"365",3,33.9,13.1,0.434447300771208
"366",4,34,12.9,0.475578406169666
"367",5,33.3,10.5,0.447300771208226
"368",6,33.9,12.4,0.336760925449871
"369",7,33.9,12.2,0.352185089974293
"370",1,34.8,12.5,0.388174807197943
"371",2,36.4,22.1,0.102827763496144
"372",3,34.9,21.1,0.447300771208226
"373",4,33.7,17.7,0.341902313624679
"374",5,35,21.9,0.120822622107969
"375",6,28.8,24.4,0.0848329048843188
"379",3,9.4,20.8,0.154241645244216
"380",4,21.2,9.5,0.226221079691517
"381",5,14.8,19.8,0.190231362467866
"382",6,12.8,18.9,0.131105398457584
"383",7,14.2,14.8,0.089974293059126
"384",1,26.4,24.8,0.241645244215938
"385",2,33.6,10.6,0.341902313624679
"386",3,35.3,5.1,0.313624678663239
"387",4,35.6,9.9,0.501285347043702
"388",5,35.7,12.9,0.532133676092545
"389",6,36.3,8.7,0.431876606683805
"390",7,35.1,19.6,0.526992287917738
"391",1,34.1,12.4,0.455012853470437
"392",2,36.7,15.6,0.565552699228792
"393",3,37.7,12.9,0.506426735218509
"394",4,39.9,15.2,0.712082262210797
"395",5,36.6,13.1,0.480719794344473
"396",6,33.7,10.1,0.380462724935733
"397",7,35.9,9.9,0.447300771208226
"398",1,35.3,14,0.557840616966581
"399",2,34.6,9.5,0.491002570694087
"400",3,37.3,10.7,0.552699228791774
"401",4,46.6,22,0.519280205655527
"402",5,51.3,23.9,0.611825192802057
"403",6,39.1,12.2,0.519280205655527
"404",7,34,8.4,0.3573264781491
"405",1,35,7.3,0.411311053984576
"406",2,36.5,12.1,0.377892030848329
"407",3,35.5,8.9,0.465295629820051
"408",4,39.8,20,0.388174807197943
"409",5,30.9,14.2,0.508997429305913
"410",6,21.6,20.4,0.380462724935733
"411",7,30.6,22.4,0.447300771208226
"412",1,36.6,8.1,0.426735218508997
"413",2,40.9,13.8,0.416452442159383
"414",3,51.5,20.3,0.44987146529563
"415",4,45.4,8.4,0.452442159383033
"416",5,44.5,13.5,0.349614395886889
"417",6,26.9,17.9,0.370179948586118
"418",7,40,21.5,0.501285347043702
"419",1,50,10.7,0.44987146529563
"420",2,59.8,25.5,0.508997429305913
"421",3,38.6,23.1,0.408740359897172
"422",4,28.9,15.4,0.524421593830334
"423",5,39.1,18.9,0.784061696658098
"424",6,42.7,13.6,0.3573264781491
"425",7,48.2,22,0.434447300771208
"426",1,58.4,20,0.534704370179949
"427",2,44.6,21,0.501285347043702
"428",3,38.9,20,0.388174807197943
"429",4,38.8,11.7,0.406169665809769
"430",5,40.6,12.7,0.352185089974293
"431",6,40.1,19.2,0.359897172236504
"432",7,35.6,21.2,0.305912596401028
"433",1,45.9,16.8,0.434447300771208
"434",2,60.2,24.5,0.580976863753213
"435",3,53.8,13.2,0.488431876606684
"436",4,45.2,12.6,0.354755784061697
"437",5,38.9,20.3,0.372750642673522
"438",6,46.6,20.3,0.712082262210797
"439",7,39.5,19.8,0.413881748071979
"440",1,30.2,16.5,0.359897172236504
"441",2,38.7,22.5,0.377892030848329
"442",3,38.9,17,0.547557840616967
"443",4,32.2,7,0.447300771208226
"444",5,34.4,15.9,0.383033419023136
"445",6,34.3,20,0.303341902313625
"446",7,36,15.7,0.539845758354756
"447",1,47.9,19.5,0.393316195372751
"448",2,51,22.9,0.408740359897172
"449",3,31.9,24.9,0.473007712082262
"450",1,42.4,16.5,0.598971722365039
"451",2,45.5,23.2,0.231362467866324
"452",3,37.6,21.6,0.105398457583548
"453",4,39.4,24,0.303341902313625
"454",5,40.8,20.9,0.380462724935733
"455",6,41.9,9.6,0.526992287917738
"456",7,44.2,14.6,0.303341902313625
"457",1,55.8,16.6,0.501285347043702
"458",2,62.8,15.1,0.519280205655527
"459",3,58.7,8,0.488431876606684
"460",4,52.8,13.2,0.467866323907455
"461",5,54,17.9,0.596401028277635
"462",6,54.6,11.4,0.519280205655527
"463",7,68.6,23.9,0.622107969151671
"464",1,55.2,8.5,0.61439588688946
"465",2,54.2,14.6,0.473007712082262
"466",3,64.9,24.8,0.473007712082262
"467",4,54.9,10.3,0.280205655526992
"468",5,50.6,20,0.501285347043702
"469",6,45.8,18.8,0.352185089974293
"470",7,44.7,12.6,0.452442159383033
"471",1,56.1,14.2,0.565552699228792
"472",2,60.7,27,0.424164524421594
"473",3,44.3,22.5,0.408740359897172
"474",4,44.2,8.2,0.277634961439589
"475",5,50.1,18.5,0.498714652956298
"476",6,66.1,24.5,0.447300771208226
"477",7,64.5,20,0.640102827763496
"478",1,68.2,16.9,0.457583547557841
"479",2,60.6,11.2,0.526992287917738
"480",4,60.2,10.9,0.611825192802057
"481",5,59,8.5,0.426735218508997
"482",6,57.1,6.2,0.467866323907455
"483",7,56.4,12.8,0.467866323907455
"484",1,56.8,7.1,0.426735218508997
"485",2,64,15.4,0.537275064267352
"486",3,67.1,10,0.616966580976864
"487",4,59.2,16.8,0.359897172236504
"488",5,56.1,12.3,0.455012853470437
"489",6,61.2,15.9,0.570694087403599
"490",7,66.6,12.2,0.573264781491003
"491",1,76.1,18.9,0.539845758354756
"492",2,57.3,15.3,0.568123393316195
"493",3,55.3,20.2,0.61439588688946
"494",4,61.5,10.5,0.555269922879177
"495",5,66.8,9.3,0.719794344473008
"496",6,70.2,9.1,0.601542416452442
"497",7,73.2,11.7,0.665809768637532
"498",1,69.9,9.2,0.681233933161954
"499",2,71.3,12.8,0.668380462724936
"500",3,75.6,27.9,0.732647814910026
"501",4,71.7,12.1,0.696658097686375
"502",5,69,14.2,0.691516709511568
"503",6,66,14.1,0.722365038560411
"504",7,63.2,10,0.632390745501285
"505",1,67.8,14.9,0.622107969151671
"506",2,66.1,7.4,0.61439588688946
"507",3,60,20.3,0.670951156812339
"508",4,59,13.2,0.611825192802057
"509",5,64.6,9,0.645244215938303
"510",6,66.3,12,0.982005141388175
"511",7,63.8,9.8,0.596401028277635
"512",1,68.7,10.5,0.796915167095116
"513",2,77.1,15,0.57840616966581
"514",3,75.7,16.6,0.732647814910026
"515",4,76.5,18.9,0.845758354755784
"516",5,72.1,19.2,0.778920308483291
"517",6,69.9,10,0.655526992287918
"518",7,68.4,18,0.670951156812339
"519",1,60.6,19.3,0.619537275064267
"520",2,62.9,8.4,0.383033419023136
"521",3,75.8,14.9,0.529562982005141
"522",4,84.8,16.1,0.658097686375321
"523",5,73.7,10.6,0.552699228791774
"524",6,72.9,11.3,0.858611825192802
"525",7,79.3,20.3,0.776349614395887
"526",1,88.3,18.1,0.858611825192802
"527",2,84.7,23.5,0.768637532133676
"528",3,86.5,19.4,0.660668380462725
"529",4,72.7,13,0.655526992287918
"530",5,72.1,7.6,0.817480719794344
"531",6,82.3,16.9,0.719794344473008
"532",7,79.8,16.3,0.627249357326478
"533",1,78.4,7.4,0.732647814910026
"534",2,82.2,24,0.650385604113111
"535",3,79.8,11.4,0.606683804627249
"536",4,65.4,9.5,0.547557840616967
"537",5,69.9,13.2,0.416452442159383
"538",6,79.1,11.2,0.670951156812339
"539",7,69.8,21.5,0.776349614395887
"540",1,66.2,12.4,0.881748071979435
"541",2,71.2,16.1,0.763496143958869
"542",3,79.5,16.1,0.812339331619537
"543",4,79.4,5.4,0.812339331619537
"544",5,77.6,13.8,0.951156812339332
"545",6,72,10.7,0.74293059125964
"546",7,73.6,10.8,0.735218508997429
"547",1,76.1,11.2,0.709511568123393
"548",2,76.5,5.3,0.552699228791774
"549",3,71,14.7,0.439588688946015
"550",4,71.4,7,0.652956298200514
"551",5,72.3,6.8,0.724935732647815
"552",6,75.8,7.4,0.794344473007712
"553",7,78.7,16.4,0.498714652956298
"554",1,77.1,12.6,0.552699228791774
"555",2,77,14.1,0.627249357326478
"556",3,73.2,11.1,0.647814910025707
"557",4,69,17.1,0.442159383033419
"558",5,70.2,7.9,0.740359897172236
"559",6,73.3,8,0.696658097686375
"560",7,74.5,4.8,0.84318766066838
"561",1,72.7,6.8,0.766066838046273
"562",2,76.7,8.5,0.606683804627249
"563",3,72,10.8,0.737789203084833
"564",4,70.7,10,0.616966580976864
"565",5,71.6,8.6,0.665809768637532
"566",6,74.6,11.8,0.794344473007712
"567",7,76.2,11.4,0.732647814910026
"568",1,77.1,14.4,0.70694087403599
"569",2,76.2,6.1,0.560411311053985
"570",3,79.9,8,0.719794344473008
"571",4,80.5,9.3,0.853470437017995
"572",5,75.5,14.1,0.727506426735218
"573",6,77.8,8.1,0.904884318766067
"574",7,78.3,6.9,0.894601542416452
"575",1,80.2,12.6,0.717223650385604
"576",2,73.6,15.6,0.593830334190231
"577",3,71.7,21.7,0.637532133676093
"578",4,74.3,8.4,0.491002570694087
"579",5,71,15.4,0.598971722365039
"580",6,67.7,17.2,0.7146529562982
"581",7,69.9,13.6,0.570694087403599
"582",2,74.3,7.3,0.508997429305913
"583",3,75.6,7.2,0.488431876606684
"584",4,74.4,18,0.506426735218509
"585",5,76.5,16.7,0.491002570694087
"586",6,74.5,11.7,0.622107969151671
"587",7,72.4,16.6,0.598971722365039
"588",1,71.2,21.4,0.488431876606684
"589",2,67,15.6,0.506426735218509
"590",3,67.9,7.3,0.437017994858612
"591",4,69.3,8,0.398457583547558
"592",5,72.3,11.5,0.534704370179949
"593",6,74.6,9.7,0.696658097686375
"594",7,81.7,13.7,0.516709511568123
"595",1,83.7,16.7,0.61439588688946
"596",2,85.2,12.8,0.529562982005141
"597",3,77.1,13.5,0.663239074550129
"598",4,73.4,8.7,0.529562982005141
"599",5,77.2,10.6,0.737789203084833
"600",6,75,9.3,0.663239074550129
"602",1,69.5,14.3,0.724935732647815
"603",2,68.8,11.2,0.686375321336761
"604",3,71.5,11,0.650385604113111
"605",4,77.2,9.4,0.740359897172236
"606",5,70,18.5,0.696658097686375
"607",6,59.9,22.8,0.670951156812339
"608",7,62.8,11.9,0.616966580976864
"609",1,70.5,17.4,0.562982005141388
"610",2,73.8,8.5,0.570694087403599
"611",3,73.6,10.9,0.580976863753213
"612",4,73.6,7,0.524421593830334
"613",5,74.2,16,0.83547557840617
"614",6,74.1,11.5,0.727506426735218
"615",7,74.6,10.4,0.77120822622108
"616",1,74.9,9.4,0.609254498714653
"617",2,73.6,7.7,0.70694087403599
"618",3,72.7,9.3,0.598971722365039
"619",4,74.1,8.7,0.6426735218509
"620",5,76.6,13.4,0.80719794344473
"621",6,76.2,6.4,0.766066838046273
"622",7,75,9.5,0.575835475578406
"623",1,66.3,20.1,0.61439588688946
"624",2,66.7,9.4,0.264781491002571
"625",3,66,11.8,0.647814910025707
"626",4,69,7.3,0.629820051413882
"627",5,70.2,24.2,0.645244215938303
"628",6,70.1,28,0.663239074550129
"629",7,70.5,19.6,0.616966580976864
"630",1,70.2,9.7,0.691516709511568
"631",2,68,15.3,0.868894601542416
"632",3,63.5,12.6,0.552699228791774
"633",4,67.4,12.4,0.529562982005141
"634",5,67.8,15.6,0.645244215938303
"635",6,68.4,19.1,0.673521850899743
"636",7,73.3,23.5,0.588688946015424
"637",1,60.4,15.1,0.650385604113111
"638",2,63.5,10.9,0.411311053984576
"639",3,63,9,0.467866323907455
"640",4,63.3,12.3,0.57840616966581
"641",5,69.5,14,0.67866323907455
"642",6,67.4,17.7,0.598971722365039
"643",7,61.9,19,0.372750642673522
"644",1,52.6,23.5,0.339331619537275
"645",2,49.2,24.4,0.290488431876607
"646",3,49.3,17.3,0.431876606683805
"647",4,55.3,10.3,0.488431876606684
"648",5,59,15.6,0.467866323907455
"649",6,62.2,11.3,0.552699228791774
"650",7,67.7,15.9,0.719794344473008
"651",1,70.9,16.7,0.588688946015424
"652",2,68.4,19.5,0.583547557840617
"653",3,65.1,18.6,0.411311053984576
"654",4,59.1,9.8,0.42159383033419
"655",5,59.5,14.7,0.591259640102828
"656",6,55.3,16.5,0.67866323907455
"657",7,54.1,7.4,0.544987146529563
"658",1,57.6,16,0.562982005141388
"659",2,71.7,29.6,0.655526992287918
"660",3,74,33,0.758354755784062
"661",4,67.7,30.1,0.686375321336761
"662",5,47.5,18.4,1
"663",6,52.1,10.9,0.424164524421594
"664",7,58.1,22.6,0.467866323907455
"665",1,66.2,19.6,0.444730077120823
"666",2,66.2,26.4,0.161953727506427
"667",3,59.1,13.2,0.429305912596401
"668",4,53.5,10.2,0.532133676092545
"669",5,55.3,12.7,0.583547557840617
"670",6,55.3,21.4,0.529562982005141
"671",7,56.8,19.7,0.354755784061697
"672",1,55.9,20.8,0.406169665809769
"673",2,48.9,18.7,0.560411311053985
"674",3,49.8,23.4,0.370179948586118
"675",4,54.3,16.2,0.634961439588689
"676",5,52.5,11.7,0.526992287917738
"677",6,53.2,12.4,0.488431876606684
"678",7,53.4,19,0.313624678663239
"679",5,46.1,24,0.380462724935733
"680",6,44.4,13.7,0.365038560411311
"681",7,44.1,14.1,0.334190231362468
"682",1,53.1,11.8,0.401028277634961
"683",2,37.7,19.8,0.395886889460154
"684",3,42.2,7.7,0.32133676092545
"686",5,27.9,23.4,0.118251928020566
"687",6,22,19.8,0.089974293059126
"688",1,24.1,12,0.388174807197943
"689",2,27.1,17.1,0.429305912596401
"690",3,32.2,27.4,0.313624678663239
"691",4,23.3,29.3,0.349614395886889
"692",5,27.2,15.8,0.341902313624679
"693",6,36.8,20.5,0.55012853470437
"694",7,48.9,21.7,0.473007712082262
"695",1,51.1,18.3,0.501285347043702
"696",2,41.7,13.9,0.519280205655527
"697",3,32.1,17.3,0.375321336760925
"698",4,14.4,22.9,0.10025706940874
"699",5,20.3,10.1,0.287917737789203
"700",6,33.5,20.7,0.388174807197943
"701",7,42.1,13.9,0.305912596401028
"702",1,47,15.2,0.311053984575835
"703",2,40.2,19.1,0.254498714652956
"704",3,36,11.6,0.375321336760925
"705",4,30.9,12.1,0.203084832904884
"706",5,35.4,21.4,0.370179948586118
"707",6,27.3,18,0.25706940874036
"708",7,28.9,13.1,0.282776349614396
"709",1,37.6,24.6,0.455012853470437
"710",2,38.6,13.5,0.151670951156812
"711",3,37.6,7.7,0
"712",4,40.9,7.7,0.10025706940874
"713",5,45,13.9,0.151670951156812
"714",6,51,20.8,0.401028277634961
"715",7,45.1,13,0.352185089974293
"716",1,39.8,12.8,0.349614395886889
"717",2,41.4,19,0.233933161953728
