"","Apr","Aug","Dec","Feb","Jan","Jul","Jun","Mar","May","Nov","Oct","Sep","Fri","Mon","Sat","Sun","Thu","Tue","Wed","year","temp","wdsp","NUM_CRIMES"
"1",0,0,0,0,1,0,0,0,0,0,0,0,0,0,0,0,1,0,0,2014,10.3,16.9,0.0445026178010471
"2",0,0,0,0,1,0,0,0,0,0,0,0,1,0,0,0,0,0,0,2014,24.2,30.5,0.081151832460733
"3",0,0,0,0,1,0,0,0,0,0,0,0,0,0,0,0,0,1,0,2014,9.7,9.6,0.138743455497382
"4",0,0,0,0,1,0,0,0,0,0,0,0,0,0,0,0,0,0,1,2014,15.3,9,0.178010471204188
"5",0,0,0,0,1,0,0,0,0,0,0,0,0,0,0,0,1,0,0,2014,29.8,14.3,0.232984293193717
"6",0,0,0,0,1,0,0,0,0,0,0,0,1,0,0,0,0,0,0,2014,37.4,19.5,0.282722513089005
"7",0,0,0,0,1,0,0,0,0,0,0,0,0,0,1,0,0,0,0,2014,32.3,19.4,0.371727748691099
"8",0,0,0,0,1,0,0,0,0,0,0,0,0,0,0,1,0,0,0,2014,42.8,21.6,0.56282722513089
"9",0,0,0,0,1,0,0,0,0,0,0,0,0,1,0,0,0,0,0,2014,31.8,18.3,0.371727748691099
"10",0,0,0,0,1,0,0,0,0,0,0,0,0,0,0,0,0,1,0,2014,20.4,18.3,0.526178010471204
"11",0,0,0,0,1,0,0,0,0,0,0,0,0,0,0,0,0,0,1,2014,24.5,23.3,0.37434554973822
"12",0,0,0,0,1,0,0,0,0,0,0,0,0,0,0,0,1,0,0,2014,18.3,17.6,0.528795811518325
"13",0,0,0,0,1,0,0,0,0,0,0,0,1,0,0,0,0,0,0,2014,16.1,15.3,0.306282722513089
"14",0,0,0,0,1,0,0,0,0,0,0,0,0,0,1,0,0,0,0,2014,22.4,16.4,0.267015706806283
"15",0,0,0,0,1,0,0,0,0,0,0,0,0,0,0,1,0,0,0,2014,32.6,14.2,0.392670157068063
"16",0,0,0,0,1,0,0,0,0,0,0,0,0,1,0,0,0,0,0,2014,15,24.6,0.115183246073298
"17",0,0,0,0,1,0,0,0,0,0,0,0,0,0,0,0,0,1,0,2014,7.9,13.3,0.206806282722513
"18",0,0,0,0,1,0,0,0,0,0,0,0,0,0,0,0,0,0,1,2014,5,21.9,0.209424083769634
"19",0,0,0,0,1,0,0,0,0,0,0,0,0,0,0,0,1,0,0,2014,6.5,26.8,0.37434554973822
"20",0,0,0,0,1,0,0,0,0,0,0,0,1,0,0,0,0,0,0,2014,22.9,25.2,0.345549738219895
"21",0,0,0,0,1,0,0,0,0,0,0,0,0,0,1,0,0,0,0,2014,15.5,19.7,0.130890052356021
"22",0,0,0,0,1,0,0,0,0,0,0,0,0,0,0,1,0,0,0,2014,6.3,24.5,0
"23",0,0,0,0,1,0,0,0,0,0,0,0,0,1,0,0,0,0,0,2014,-3.6,15.6,0.128272251308901
"24",0,0,0,0,1,0,0,0,0,0,0,0,0,0,0,0,0,1,0,2014,9.9,17.9,0.476439790575916
"25",0,0,0,0,1,0,0,0,0,0,0,0,0,0,0,0,0,0,1,2014,24.7,31.7,0.539267015706806
"26",0,0,0,0,1,0,0,0,0,0,0,0,0,0,0,0,1,0,0,2014,24.8,11,0.518324607329843
"27",0,0,0,1,0,0,0,0,0,0,0,0,1,0,0,0,0,0,0,2014,26.4,8.8,0.646596858638743
"28",0,0,0,1,0,0,0,0,0,0,0,0,0,0,1,0,0,0,0,2014,20.4,11.8,0.0968586387434555
"29",0,0,0,1,0,0,0,0,0,0,0,0,0,0,0,1,0,0,0,2014,15.5,6.3,0.342931937172775
"30",0,0,0,1,0,0,0,0,0,0,0,0,0,1,0,0,0,0,0,2014,19.2,6.8,0.261780104712042
"31",0,0,0,1,0,0,0,0,0,0,0,0,0,0,0,0,0,1,0,2014,22.8,22.2,0.0392670157068063
"32",0,0,0,1,0,0,0,0,0,0,0,0,0,0,0,0,0,0,1,2014,9.6,13.2,0.170157068062827
"33",0,0,0,1,0,0,0,0,0,0,0,0,0,0,0,0,1,0,0,2014,4.9,16.3,0.384816753926702
"34",0,0,0,1,0,0,0,0,0,0,0,0,1,0,0,0,0,0,0,2014,11.7,11.1,0.151832460732984
"35",0,0,0,1,0,0,0,0,0,0,0,0,0,0,1,0,0,0,0,2014,15.6,10.9,0.269633507853403
"36",0,0,0,1,0,0,0,0,0,0,0,0,0,0,0,1,0,0,0,2014,9,12.9,0.193717277486911
"37",0,0,0,1,0,0,0,0,0,0,0,0,0,1,0,0,0,0,0,2014,8.3,10.5,0.130890052356021
"38",0,0,0,1,0,0,0,0,0,0,0,0,0,0,0,0,0,1,0,2014,15.5,11.1,0.159685863874346
"39",0,0,0,1,0,0,0,0,0,0,0,0,0,0,0,0,0,0,1,2014,22.9,14,0.256544502617801
"40",0,0,0,1,0,0,0,0,0,0,0,0,0,0,0,0,1,0,0,2014,20.8,14.9,0.395287958115183
"41",0,0,0,1,0,0,0,0,0,0,0,0,1,0,0,0,0,0,0,2014,18.1,12.2,0.243455497382199
"42",0,0,0,1,0,0,0,0,0,0,0,0,0,0,1,0,0,0,0,2014,19.6,14.3,0.102094240837696
"43",0,0,0,1,0,0,0,0,0,0,0,0,0,0,0,1,0,0,0,2014,22.9,18.5,0.136125654450262
"44",0,0,0,1,0,0,0,0,0,0,0,0,0,1,0,0,0,0,0,2014,31,17.7,0.227748691099476
"45",0,0,0,1,0,0,0,0,0,0,0,0,0,0,0,0,0,1,0,2014,39.8,15.6,0.429319371727749
"46",0,0,0,1,0,0,0,0,0,0,0,0,0,0,0,0,0,0,1,2014,34.8,13.1,0.269633507853403
"47",0,0,0,1,0,0,0,0,0,0,0,0,0,0,0,0,1,0,0,2014,34.5,30.1,0.450261780104712
"48",0,0,0,1,0,0,0,0,0,0,0,0,1,0,0,0,0,0,0,2014,29.6,19.7,0.267015706806283
"49",0,0,0,1,0,0,0,0,0,0,0,0,0,0,1,0,0,0,0,2014,23.8,14.1,0.225130890052356
"50",0,0,0,1,0,0,0,0,0,0,0,0,0,0,0,1,0,0,0,2014,18.6,17.8,0.235602094240838
"51",0,0,0,1,0,0,0,0,0,0,0,0,0,1,0,0,0,0,0,2014,18.6,14.9,0.272251308900524
"52",0,0,0,1,0,0,0,0,0,0,0,0,0,0,0,0,0,1,0,2014,8.1,19.6,0.303664921465969
"53",0,0,0,1,0,0,0,0,0,0,0,0,0,0,0,0,0,0,1,2014,10.9,21.1,0.175392670157068
"54",0,0,0,1,0,0,0,0,0,0,0,0,0,0,0,0,1,0,0,2014,12.7,13.1,0.405759162303665
"55",0,0,0,0,0,0,0,1,0,0,0,0,1,0,0,0,0,0,0,2014,24.5,14.5,0.5
"56",0,0,0,0,0,0,0,1,0,0,0,0,0,0,1,0,0,0,0,2014,10.7,18.3,0.0130890052356021
"57",0,0,0,0,0,0,0,1,0,0,0,0,0,0,0,1,0,0,0,2014,8.2,12.2,0.12303664921466
"58",0,0,0,0,0,0,0,1,0,0,0,0,0,1,0,0,0,0,0,2014,15.5,8.3,0.214659685863874
"59",0,0,0,0,0,0,0,1,0,0,0,0,0,0,0,0,0,1,0,2014,20.2,11.6,0.238219895287958
"60",0,0,0,0,0,0,0,1,0,0,0,0,0,0,0,0,0,0,1,2014,18.6,10.6,0.303664921465969
"61",0,0,0,0,0,0,0,1,0,0,0,0,0,0,0,0,1,0,0,2014,27.9,12.1,0.554973821989529
"62",0,0,0,0,0,0,0,1,0,0,0,0,1,0,0,0,0,0,0,2014,31.9,16.5,0.361256544502618
"63",0,0,0,0,0,0,0,1,0,0,0,0,0,0,1,0,0,0,0,2014,27.8,10.1,0.198952879581152
"64",0,0,0,0,0,0,0,1,0,0,0,0,0,0,0,1,0,0,0,2014,45.5,23.8,0.704188481675393
"65",0,0,0,0,0,0,0,1,0,0,0,0,0,1,0,0,0,0,0,2014,43.4,11.4,0.400523560209424
"66",0,0,0,0,0,0,0,1,0,0,0,0,0,0,0,0,0,1,0,2014,28.1,26.2,0.298429319371728
"67",0,0,0,0,0,0,0,1,0,0,0,0,0,0,0,0,0,0,1,2014,23.2,15.8,0.447643979057592
"68",0,0,0,0,0,0,0,1,0,0,0,0,0,0,0,0,1,0,0,2014,42.4,26.9,0.735602094240838
"69",0,0,0,0,0,0,0,1,0,0,0,0,1,0,0,0,0,0,0,2014,35.5,15.8,0.782722513089005
"70",0,0,0,0,0,0,0,1,0,0,0,0,0,0,1,0,0,0,0,2014,22.5,23.1,0.240837696335079
"71",0,0,0,0,0,0,0,1,0,0,0,0,0,0,0,1,0,0,0,2014,22.7,14.3,0.413612565445026
"72",0,0,0,0,0,0,0,1,0,0,0,0,0,1,0,0,0,0,0,2014,33.6,13.9,0.712041884816754
"73",0,0,0,0,0,0,0,1,0,0,0,0,0,0,0,0,0,1,0,2014,40.8,14.9,0.565445026178011
"74",0,0,0,0,0,0,0,1,0,0,0,0,0,0,0,0,0,0,1,2014,34.7,13.4,0.620418848167539
"75",0,0,0,0,0,0,0,1,0,0,0,0,0,0,0,0,1,0,0,2014,34.9,10.7,0.670157068062827
"76",0,0,0,0,0,0,0,1,0,0,0,0,1,0,0,0,0,0,0,2014,40.8,15.8,0.505235602094241
"77",0,0,0,0,0,0,0,1,0,0,0,0,0,0,1,0,0,0,0,2014,25,15.3,0.269633507853403
"78",0,0,0,0,0,0,0,1,0,0,0,0,0,0,0,1,0,0,0,2014,24.2,7.6,0.397905759162304
"79",0,0,0,0,0,0,0,1,0,0,0,0,0,1,0,0,0,0,0,2014,27.1,16,0.408376963350785
"80",0,0,0,0,0,0,0,1,0,0,0,0,0,0,0,0,0,1,0,2014,25.2,11.3,0.468586387434555
"81",0,0,0,0,0,0,0,1,0,0,0,0,0,0,0,0,0,0,1,2014,38.2,26.2,0.452879581151832
"82",0,0,0,0,0,0,0,1,0,0,0,0,0,0,0,0,1,0,0,2014,41.8,20.7,0.628272251308901
"83",0,0,0,0,0,0,0,1,0,0,0,0,1,0,0,0,0,0,0,2014,32.4,15.2,0.589005235602094
"84",0,0,0,0,0,0,0,1,0,0,0,0,0,0,1,0,0,0,0,2014,35.2,9.2,0.5
"85",0,0,0,0,0,0,0,1,0,0,0,0,0,0,0,1,0,0,0,2014,48.7,18.6,0.5
"86",1,0,0,0,0,0,0,0,0,0,0,0,0,1,0,0,0,0,0,2014,44.7,25.1,1
"87",1,0,0,0,0,0,0,0,0,0,0,0,0,0,0,0,0,1,0,2014,38.3,14.2,0.468586387434555
"88",1,0,0,0,0,0,0,0,0,0,0,0,0,0,0,0,0,0,1,2014,35.5,17.2,0.445026178010471
"89",1,0,0,0,0,0,0,0,0,0,0,0,0,0,0,0,1,0,0,2014,38.5,19,0.693717277486911
"90",1,0,0,0,0,0,0,0,0,0,0,0,1,0,0,0,0,0,0,2014,36,14,0.539267015706806
"91",1,0,0,0,0,0,0,0,0,0,0,0,0,0,1,0,0,0,0,2014,41.2,12,0.426701570680628
"92",1,0,0,0,0,0,0,0,0,0,0,0,0,0,0,1,0,0,0,2014,39.3,7.9,0.565445026178011
"93",1,0,0,0,0,0,0,0,0,0,0,0,0,1,0,0,0,0,0,2014,44,8.2,0.534031413612565
"94",1,0,0,0,0,0,0,0,0,0,0,0,0,0,0,0,0,1,0,2014,43.8,6.2,0.602094240837696
"95",1,0,0,0,0,0,0,0,0,0,0,0,0,0,0,0,0,0,1,2014,55.8,21.2,0.691099476439791
"96",1,0,0,0,0,0,0,0,0,0,0,0,0,0,0,0,1,0,0,2014,50.3,7,0.630890052356021
"97",1,0,0,0,0,0,0,0,0,0,0,0,1,0,0,0,0,0,0,2014,61.7,17.6,0.853403141361257
"98",1,0,0,0,0,0,0,0,0,0,0,0,0,0,1,0,0,0,0,2014,65.7,22.8,0.350785340314136
"99",1,0,0,0,0,0,0,0,0,0,0,0,0,0,0,1,0,0,0,2014,41.6,24,0.37434554973822
"100",1,0,0,0,0,0,0,0,0,0,0,0,0,1,0,0,0,0,0,2014,29.1,16.5,0.536649214659686
"101",1,0,0,0,0,0,0,0,0,0,0,0,0,0,0,0,0,1,0,2014,37.3,15.8,0.591623036649215
"102",1,0,0,0,0,0,0,0,0,0,0,0,0,0,0,0,0,0,1,2014,47.8,18.8,0.759162303664921
"103",1,0,0,0,0,0,0,0,0,0,0,0,0,0,0,0,1,0,0,2014,42.7,11.6,0.630890052356021
"104",1,0,0,0,0,0,0,0,0,0,0,0,1,0,0,0,0,0,0,2014,39,10.8,0.549738219895288
"105",1,0,0,0,0,0,0,0,0,0,0,0,0,0,1,0,0,0,0,2014,51.7,13,0.37696335078534
"106",1,0,0,0,0,0,0,0,0,0,0,0,0,0,0,1,0,0,0,2014,63.3,13.6,0.484293193717277
"107",1,0,0,0,0,0,0,0,0,0,0,0,0,1,0,0,0,0,0,2014,48.6,14,0.5
"108",1,0,0,0,0,0,0,0,0,0,0,0,0,0,0,0,0,1,0,2014,37.8,11.4,0.50261780104712
"109",1,0,0,0,0,0,0,0,0,0,0,0,0,0,0,0,0,0,1,2014,43.7,13.6,0.583769633507853
"110",1,0,0,0,0,0,0,0,0,0,0,0,0,0,0,0,1,0,0,2014,50.9,12.6,0.790575916230366
"111",1,0,0,0,0,0,0,0,0,0,0,0,1,0,0,0,0,0,0,2014,49.2,14.3,0.609947643979058
"112",1,0,0,0,0,0,0,0,0,0,0,0,0,0,1,0,0,0,0,2014,41.8,18.6,0.332460732984293
"113",1,0,0,0,0,0,0,0,0,0,0,0,0,0,0,1,0,0,0,2014,45.9,15.1,0.468586387434555
"114",1,0,0,0,0,0,0,0,0,0,0,0,0,1,0,0,0,0,0,2014,48.1,9.6,0.633507853403141
"115",1,0,0,0,0,0,0,0,0,0,0,0,0,0,0,0,0,1,0,2014,51.2,12,0.662303664921466
"116",0,0,0,0,0,0,0,0,1,0,0,0,0,0,0,0,0,0,1,2014,45.8,17.5,0.890052356020942
"117",0,0,0,0,0,0,0,0,1,0,0,0,0,0,0,0,1,0,0,2014,48,14.3,0.835078534031414
"118",0,0,0,0,0,0,0,0,1,0,0,0,1,0,0,0,0,0,0,2014,54,19.8,0.523560209424084
"119",0,0,0,0,0,0,0,0,1,0,0,0,0,0,1,0,0,0,0,2014,52.5,13.5,0.458115183246073
"120",0,0,0,0,0,0,0,0,1,0,0,0,0,0,0,1,0,0,0,2014,43.5,16,0.785340314136126
"121",0,0,0,0,0,0,0,0,1,0,0,0,0,1,0,0,0,0,0,2014,43.8,15.7,0.732984293193717
"122",0,0,0,0,0,0,0,0,1,0,0,0,0,0,0,0,0,1,0,2014,51,14.8,0.586387434554974
"123",0,0,0,0,0,0,0,0,1,0,0,0,0,0,0,0,0,0,1,2014,65.8,13.3,0.581151832460733
"124",0,0,0,0,0,0,0,0,1,0,0,0,0,0,0,0,1,0,0,2014,69,22.1,0.832460732984293
"125",0,0,0,0,0,0,0,0,1,0,0,0,1,0,0,0,0,0,0,2014,60.4,9.9,0.709424083769634
"126",0,0,0,0,0,0,0,0,1,0,0,0,0,0,1,0,0,0,0,2014,62,11.7,0.518324607329843
"127",0,0,0,0,0,0,0,0,1,0,0,0,0,0,0,1,0,0,0,2014,67.2,16.6,0.698952879581152
"128",0,0,0,0,0,0,0,0,1,0,0,0,0,1,0,0,0,0,0,2014,64,15.9,0.698952879581152
"129",0,0,0,0,0,0,0,0,1,0,0,0,0,0,0,0,0,1,0,2014,50.8,13,0.641361256544503
"130",0,0,0,0,0,0,0,0,1,0,0,0,0,0,0,0,0,0,1,2014,43.3,22.2,0.541884816753927
"131",0,0,0,0,0,0,0,0,1,0,0,0,0,0,0,0,1,0,0,2014,39.2,10.6,0.777486910994764
"132",0,0,0,0,0,0,0,0,1,0,0,0,1,0,0,0,0,0,0,2014,46,8.7,0.678010471204188
"133",0,0,0,0,0,0,0,0,1,0,0,0,0,0,1,0,0,0,0,2014,56.8,13.3,0.819371727748691
"134",0,0,0,0,0,0,0,0,1,0,0,0,0,0,0,1,0,0,0,2014,58.3,14.3,0.630890052356021
"135",0,0,0,0,0,0,0,0,1,0,0,0,0,1,0,0,0,0,0,2014,66.3,16.3,0.573298429319372
"136",0,0,0,0,0,0,0,0,1,0,0,0,0,0,0,0,0,1,0,2014,63,9.1,0.753926701570681
"137",0,0,0,0,0,0,0,0,1,0,0,0,0,0,0,0,0,0,1,2014,56.2,8.9,0.636125654450262
"138",0,0,0,0,0,0,0,0,1,0,0,0,0,0,0,0,1,0,0,2014,51,5.1,0.683246073298429
"139",0,0,0,0,0,0,0,0,1,0,0,0,1,0,0,0,0,0,0,2014,51.4,5.3,0.557591623036649
"140",0,0,0,0,0,0,0,0,1,0,0,0,0,0,1,0,0,0,0,2014,56.9,4.5,0.730366492146597
"141",0,0,0,0,0,0,0,0,1,0,0,0,0,0,0,1,0,0,0,2014,69,11,0.609947643979058
"142",0,0,0,0,0,0,0,0,1,0,0,0,0,1,0,0,0,0,0,2014,72,10.7,0.573298429319372
"143",0,0,0,0,0,0,0,0,1,0,0,0,0,0,0,0,0,1,0,2014,53.6,11.4,0.667539267015707
"144",0,0,0,0,0,0,0,0,1,0,0,0,0,0,0,0,0,0,1,2014,51.4,11.5,0.604712041884817
"145",0,0,0,0,0,0,0,0,1,0,0,0,0,0,0,0,1,0,0,2014,53.2,7.2,0.738219895287958
"146",0,0,0,0,0,0,0,0,1,0,0,0,1,0,0,0,0,0,0,2014,57.8,6.9,0.793193717277487
"147",0,0,0,0,0,0,1,0,0,0,0,0,0,0,0,1,0,0,0,2014,73.6,23,0.866492146596859
"148",0,0,0,0,0,0,1,0,0,0,0,0,0,1,0,0,0,0,0,2014,71.2,14.4,0.924083769633508
"149",0,0,0,0,0,0,1,0,0,0,0,0,0,0,0,0,0,1,0,2014,60.3,10.8,0.602094240837696
"150",0,0,0,0,0,0,1,0,0,0,0,0,0,0,0,0,0,0,1,2014,55.3,8,0.670157068062827
"151",0,0,0,0,0,0,1,0,0,0,0,0,0,0,0,0,1,0,0,2014,59.2,3.9,0.819371727748691
"152",0,0,0,0,0,0,1,0,0,0,0,0,1,0,0,0,0,0,0,2014,66.1,8.6,0.848167539267016
"153",0,0,0,0,0,0,1,0,0,0,0,0,0,0,1,0,0,0,0,2014,56.3,21.4,0.594240837696335
"154",0,0,0,0,0,0,1,0,0,0,0,0,0,0,0,1,0,0,0,2014,53.6,11.3,0.727748691099476
"155",0,0,0,0,0,0,1,0,0,0,0,0,0,1,0,0,0,0,0,2014,53.8,11.1,0.335078534031414
"156",0,0,0,0,0,0,1,0,0,0,0,0,0,0,0,0,0,1,0,2014,55.8,14.5,0.599476439790576
"157",0,0,0,0,0,0,1,0,0,0,0,0,0,0,0,0,0,0,1,2014,58.5,7,0.722513089005236
"158",0,0,0,0,0,0,1,0,0,0,0,0,1,0,0,0,0,0,0,2014,62.8,11.5,0.780104712041885
"159",0,0,0,0,0,0,1,0,0,0,0,0,0,0,1,0,0,0,0,2014,67.5,18.8,0.884816753926702
"160",0,0,0,0,0,0,1,0,0,0,0,0,0,0,0,1,0,0,0,2014,75.2,12.4,0.856020942408377
"161",0,0,0,0,0,0,1,0,0,0,0,0,0,1,0,0,0,0,0,2014,75.1,18.5,0.897905759162304
"162",0,0,0,0,0,0,1,0,0,0,0,0,0,0,0,0,0,1,0,2014,70.7,11.7,0.591623036649215
"163",0,0,0,0,0,0,1,0,0,0,0,0,0,0,0,0,0,0,1,2014,58.2,9.5,0.727748691099476
"164",0,0,0,0,0,0,1,0,0,0,0,0,0,0,0,0,1,0,0,2014,68,8.7,0.897905759162304
"165",0,0,0,0,0,0,1,0,0,0,0,0,1,0,0,0,0,0,0,2014,60.5,8.4,0.835078534031414
"166",0,0,0,0,0,0,1,0,0,0,0,0,0,0,1,0,0,0,0,2014,61.6,5.4,0.840314136125654
"167",0,0,0,0,0,0,1,0,0,0,0,0,0,0,0,1,0,0,0,2014,63.4,6.1,0.743455497382199
"168",0,0,0,0,0,0,1,0,0,0,0,0,0,1,0,0,0,0,0,2014,67.9,6.2,0.827225130890052
"169",0,0,0,0,0,0,1,0,0,0,0,0,0,0,0,0,0,1,0,2014,61.3,8.8,0.81413612565445
"170",0,0,0,0,0,0,1,0,0,0,0,0,0,0,0,0,0,0,1,2014,57.2,8.7,0.732984293193717
"171",0,0,0,0,0,0,1,0,0,0,0,0,0,0,0,0,1,0,0,2014,62.1,6.3,0.926701570680628
"172",0,0,0,0,0,0,1,0,0,0,0,0,1,0,0,0,0,0,0,2014,73.1,14.1,0.803664921465969
"173",0,0,0,0,0,0,1,0,0,0,0,0,0,0,1,0,0,0,0,2014,74.8,16.5,0.942408376963351
"174",0,0,0,0,0,0,1,0,0,0,0,0,0,0,0,1,0,0,0,2014,76.1,18.8,0.664921465968586
"175",0,0,0,0,0,1,0,0,0,0,0,0,0,0,0,0,0,1,0,2014,66.5,13.9,0.712041884816754
"176",0,0,0,0,0,1,0,0,0,0,0,0,0,0,0,0,0,0,1,2014,59.4,7.3,0.890052356020942
"177",0,0,0,0,0,1,0,0,0,0,0,0,0,0,0,0,1,0,0,2014,64.6,7.7,0.761780104712042
"178",0,0,0,0,0,1,0,0,0,0,0,0,1,0,0,0,0,0,0,2014,68.2,10.7,0.926701570680628
"179",0,0,0,0,0,1,0,0,0,0,0,0,0,0,1,0,0,0,0,2014,71.4,14.4,0.858638743455497
"180",0,0,0,0,0,1,0,0,0,0,0,0,0,0,0,1,0,0,0,2014,75,15.7,0.924083769633508
"181",0,0,0,0,0,1,0,0,0,0,0,0,0,1,0,0,0,0,0,2014,74.8,13.7,0.712041884816754
"182",0,0,0,0,0,1,0,0,0,0,0,0,0,0,0,0,0,1,0,2014,68.1,10.4,0.806282722513089
"183",0,0,0,0,0,1,0,0,0,0,0,0,0,0,0,0,0,0,1,2014,65.7,6.7,0.719895287958115
"184",0,0,0,0,0,1,0,0,0,0,0,0,1,0,0,0,0,0,0,2014,73.1,11.6,0.691099476439791
"185",0,0,0,0,0,1,0,0,0,0,0,0,0,0,1,0,0,0,0,2014,73.2,14.5,0.793193717277487
"186",0,0,0,0,0,1,0,0,0,0,0,0,0,0,0,1,0,0,0,2014,70.4,7.7,0.709424083769634
"187",0,0,0,0,0,1,0,0,0,0,0,0,0,1,0,0,0,0,0,2014,63,13,0.709424083769634
"188",0,0,0,0,0,1,0,0,0,0,0,0,0,0,0,0,0,1,0,2014,61.3,9.8,0.787958115183246
"189",0,0,0,0,0,1,0,0,0,0,0,0,0,0,0,0,0,0,1,2014,65.5,8.1,0.68848167539267
"190",0,0,0,0,0,1,0,0,0,0,0,0,0,0,0,0,1,0,0,2014,68.1,10.5,0.863874345549738
"191",0,0,0,0,0,1,0,0,0,0,0,0,1,0,0,0,0,0,0,2014,68.8,5.7,0.842931937172775
"192",0,0,0,0,0,1,0,0,0,0,0,0,0,0,1,0,0,0,0,2014,69.8,6.9,0.777486910994764
"193",0,0,0,0,0,1,0,0,0,0,0,0,0,0,0,1,0,0,0,2014,72.5,9,0.691099476439791
"194",0,0,0,0,0,1,0,0,0,0,0,0,0,1,0,0,0,0,0,2014,77,14.8,0.756544502617801
"195",0,0,0,0,0,1,0,0,0,0,0,0,0,0,0,0,0,1,0,2014,68.4,21.3,0.824607329842932
"196",0,0,0,0,0,1,0,0,0,0,0,0,0,0,0,0,0,0,1,2014,62.8,14.2,0.808900523560209
"197",0,0,0,0,0,1,0,0,0,0,0,0,0,0,0,0,1,0,0,2014,66.6,11.4,0.989528795811518
"198",0,0,0,0,0,1,0,0,0,0,0,0,1,0,0,0,0,0,0,2014,69.8,10.1,0.858638743455497
"199",0,0,0,0,0,1,0,0,0,0,0,0,0,0,1,0,0,0,0,2014,75.3,12.3,0.900523560209424
"200",0,0,0,0,0,1,0,0,0,0,0,0,0,0,0,1,0,0,0,2014,62.7,23.1,0.858638743455497
"201",0,0,0,0,0,1,0,0,0,0,0,0,0,1,0,0,0,0,0,2014,64.2,6.3,0.678010471204188
"202",0,0,0,0,0,1,0,0,0,0,0,0,0,0,0,0,0,1,0,2014,64.5,8.3,0.649214659685864
"203",0,0,0,0,0,1,0,0,0,0,0,0,0,0,0,0,0,0,1,2014,69.8,10.1,0.824607329842932
"204",0,1,0,0,0,0,0,0,0,0,0,0,1,0,0,0,0,0,0,2014,68.4,7.1,0.918848167539267
"205",0,1,0,0,0,0,0,0,0,0,0,0,0,0,1,0,0,0,0,2014,72.4,5,0.790575916230366
"206",0,1,0,0,0,0,0,0,0,0,0,0,0,0,0,1,0,0,0,2014,73,8.3,0.617801047120419
"207",0,1,0,0,0,0,0,0,0,0,0,0,0,1,0,0,0,0,0,2014,68.4,7.6,0.732984293193717
"208",0,1,0,0,0,0,0,0,0,0,0,0,0,0,0,0,0,1,0,2014,67.6,9.8,0.68848167539267
"209",0,1,0,0,0,0,0,0,0,0,0,0,0,0,0,0,0,0,1,2014,69.5,7.9,0.777486910994764
"210",0,1,0,0,0,0,0,0,0,0,0,0,0,0,0,0,1,0,0,2014,70.2,13.1,0.719895287958115
"211",0,1,0,0,0,0,0,0,0,0,0,0,1,0,0,0,0,0,0,2014,69.9,14.8,0.892670157068063
"212",0,1,0,0,0,0,0,0,0,0,0,0,0,0,1,0,0,0,0,2014,69.6,12.1,0.808900523560209
"213",0,1,0,0,0,0,0,0,0,0,0,0,0,0,0,1,0,0,0,2014,69.4,12.1,0.861256544502618
"214",0,1,0,0,0,0,0,0,0,0,0,0,0,1,0,0,0,0,0,2014,65.6,15.1,0.56020942408377
"215",0,1,0,0,0,0,0,0,0,0,0,0,0,0,0,0,0,1,0,2014,67.5,9.7,0.816753926701571
"216",0,1,0,0,0,0,0,0,0,0,0,0,0,0,0,0,0,0,1,2014,64.4,9.9,0.657068062827225
"217",0,1,0,0,0,0,0,0,0,0,0,0,0,0,0,0,1,0,0,2014,65.7,7.6,0.829842931937173
"218",0,1,0,0,0,0,0,0,0,0,0,0,1,0,0,0,0,0,0,2014,72,11.4,0.808900523560209
"219",0,1,0,0,0,0,0,0,0,0,0,0,0,0,1,0,0,0,0,2014,68.6,10.9,0.827225130890052
"220",0,1,0,0,0,0,0,0,0,0,0,0,0,0,0,1,0,0,0,2014,66.3,8.9,0.706806282722513
"221",0,1,0,0,0,0,0,0,0,0,0,0,0,1,0,0,0,0,0,2014,76,14.8,0.602094240837696
"222",0,1,0,0,0,0,0,0,0,0,0,0,0,0,0,0,0,1,0,2014,76.4,9.4,0.75130890052356
"223",0,1,0,0,0,0,0,0,0,0,0,0,0,0,0,0,0,0,1,2014,74.5,9.7,0.604712041884817
"224",0,1,0,0,0,0,0,0,0,0,0,0,0,0,0,0,1,0,0,2014,74.7,8.9,0.709424083769634
"225",0,1,0,0,0,0,0,0,0,0,0,0,1,0,0,0,0,0,0,2014,72.5,7.5,0.722513089005236
"226",0,1,0,0,0,0,0,0,0,0,0,0,0,0,1,0,0,0,0,2014,72.6,9.5,0.81413612565445
"227",0,1,0,0,0,0,0,0,0,0,0,0,0,0,0,1,0,0,0,2014,75.1,11.5,0.607329842931937
"228",0,1,0,0,0,0,0,0,0,0,0,0,0,1,0,0,0,0,0,2014,73.8,7,0.675392670157068
"229",0,1,0,0,0,0,0,0,0,0,0,0,0,0,0,0,0,1,0,2014,70.2,6.5,0.620418848167539
"230",0,1,0,0,0,0,0,0,0,0,0,0,0,0,0,0,0,0,1,2014,68.3,11.9,0.50261780104712
"231",0,1,0,0,0,0,0,0,0,0,0,0,0,0,0,0,1,0,0,2014,72.8,14.7,0.887434554973822
"232",0,1,0,0,0,0,0,0,0,0,0,0,1,0,0,0,0,0,0,2014,76,19.1,0.842931937172775
"233",0,1,0,0,0,0,0,0,0,0,0,0,0,0,1,0,0,0,0,2014,75.3,10.1,0.746073298429319
"234",0,0,0,0,0,0,0,0,0,0,0,1,0,1,0,0,0,0,0,2014,72.9,8.6,0.662303664921466
"235",0,0,0,0,0,0,0,0,0,0,0,1,0,0,0,0,0,1,0,2014,73.2,6.7,0.463350785340314
"236",0,0,0,0,0,0,0,0,0,0,0,1,0,0,0,0,0,0,1,2014,74.7,18.5,0.534031413612565
"237",0,0,0,0,0,0,0,0,0,0,0,1,0,0,0,0,1,0,0,2014,77.9,18.6,0.780104712041885
"238",0,0,0,0,0,0,0,0,0,0,0,1,1,0,0,0,0,0,0,2014,64.4,12.6,0.704188481675393
"239",0,0,0,0,0,0,0,0,0,0,0,1,0,0,1,0,0,0,0,2014,67.2,7.1,0.727748691099476
"240",0,0,0,0,0,0,0,0,0,0,0,1,0,0,0,1,0,0,0,2014,68.3,8.6,0.366492146596859
"241",0,0,0,0,0,0,0,0,0,0,0,1,0,1,0,0,0,0,0,2014,69.7,11.5,0.633507853403141
"242",0,0,0,0,0,0,0,0,0,0,0,1,0,0,0,0,0,1,0,2014,71.6,18.9,0.421465968586387
"243",0,0,0,0,0,0,0,0,0,0,0,1,0,0,0,0,0,0,1,2014,53.4,16.9,0.523560209424084
"244",0,0,0,0,0,0,0,0,0,0,0,1,0,0,0,0,1,0,0,2014,53.4,17,0.452879581151832
"245",0,0,0,0,0,0,0,0,0,0,0,1,1,0,0,0,0,0,0,2014,47.2,15,0.363874345549738
"246",0,0,0,0,0,0,0,0,0,0,0,1,0,0,1,0,0,0,0,2014,56.1,6.9,0.56020942408377
"247",0,0,0,0,0,0,0,0,0,0,0,1,0,0,0,1,0,0,0,2014,59.5,9,0.505235602094241
"248",0,0,0,0,0,0,0,0,0,0,0,1,0,1,0,0,0,0,0,2014,55.4,9.7,0.531413612565445
"249",0,0,0,0,0,0,0,0,0,0,0,1,0,0,0,0,0,1,0,2014,59.5,8,0.654450261780105
"250",0,0,0,0,0,0,0,0,0,0,0,1,0,0,0,0,0,0,1,2014,60.6,7.7,0.840314136125654
"251",0,0,0,0,0,0,0,0,0,0,0,1,0,0,0,0,1,0,0,2014,62.7,13.6,0.869109947643979
"252",0,0,0,0,0,0,0,0,0,0,0,1,1,0,0,0,0,0,0,2014,68,19.1,0.785340314136126
"253",0,0,0,0,0,0,0,0,0,0,0,1,0,0,1,0,0,0,0,2014,64.2,18.5,0.641361256544503
"254",0,0,0,0,0,0,0,0,0,0,0,1,0,0,0,1,0,0,0,2014,55.2,13.6,0.583769633507853
"255",0,0,0,0,0,0,0,0,0,0,0,1,0,0,0,0,0,0,1,2014,64.1,7.1,0.539267015706806
"256",0,0,0,0,0,0,0,0,0,0,0,1,0,0,0,0,1,0,0,2014,63.8,5.5,0.871727748691099
"257",0,0,0,0,0,0,0,0,0,0,0,1,1,0,0,0,0,0,0,2014,64.1,4.7,0.903141361256545
"258",0,0,0,0,0,0,0,0,0,0,0,1,0,0,1,0,0,0,0,2014,63.1,4,0.761780104712042
"259",0,0,0,0,0,0,0,0,0,0,0,1,0,0,0,1,0,0,0,2014,67.3,3.6,0.667539267015707
"260",0,0,0,0,0,0,0,0,0,0,0,1,0,1,0,0,0,0,0,2014,54.1,18.3,0.620418848167539
"261",0,0,0,0,0,0,0,0,0,0,1,0,0,0,0,0,0,0,1,2014,64.9,12.5,0.680628272251309
"262",0,0,0,0,0,0,0,0,0,0,1,0,0,0,0,0,1,0,0,2014,60.3,19.2,0.617801047120419
"263",0,0,0,0,0,0,0,0,0,0,1,0,1,0,0,0,0,0,0,2014,43.9,22.2,0.463350785340314
"264",0,0,0,0,0,0,0,0,0,0,1,0,0,0,1,0,0,0,0,2014,47.6,16.8,0.447643979057592
"265",0,0,0,0,0,0,0,0,0,0,1,0,0,0,0,1,0,0,0,2014,54.5,14.4,0.463350785340314
"266",0,0,0,0,0,0,0,0,0,0,1,0,0,1,0,0,0,0,0,2014,57.1,17.9,0.557591623036649
"267",0,0,0,0,0,0,0,0,0,0,1,0,0,0,0,0,0,1,0,2014,57.1,15.8,0.526178010471204
"268",0,0,0,0,0,0,0,0,0,0,1,0,0,0,0,0,0,0,1,2014,55.1,11.2,0.366492146596859
"269",0,0,0,0,0,0,0,0,0,0,1,0,0,0,0,0,1,0,0,2014,53.7,6.4,0.510471204188482
"270",0,0,0,0,0,0,0,0,0,0,1,0,1,0,0,0,0,0,0,2014,53.1,8.9,0.667539267015707
"271",0,0,0,0,0,0,0,0,0,0,1,0,0,0,1,0,0,0,0,2014,54,14.6,0.382198952879581
"272",0,0,0,0,0,0,0,0,0,0,1,0,0,0,0,1,0,0,0,2014,59.2,11.4,0.416230366492147
"273",0,0,0,0,0,0,0,0,0,0,1,0,0,1,0,0,0,0,0,2014,61.7,15.5,0.481675392670157
"274",0,0,0,0,0,0,0,0,0,0,1,0,0,0,0,0,0,1,0,2014,53.8,17,0.594240837696335
"275",0,0,0,0,0,0,0,0,0,0,1,0,0,0,0,0,0,0,1,2014,54,12.6,0.523560209424084
"276",0,0,0,0,0,0,0,0,0,0,1,0,0,0,0,0,1,0,0,2014,56.1,18.3,0.840314136125654
"277",0,0,0,0,0,0,0,0,0,0,1,0,1,0,0,0,0,0,0,2014,49.6,20.3,0.761780104712042
"278",0,0,0,0,0,0,0,0,0,0,1,0,0,0,1,0,0,0,0,2014,47.5,11.5,0.518324607329843
"279",0,0,0,0,0,0,0,0,0,0,1,0,0,0,0,1,0,0,0,2014,53.2,17,0.554973821989529
"280",0,0,0,0,0,0,0,0,0,0,1,0,0,1,0,0,0,0,0,2014,51,19.7,0.609947643979058
"281",0,0,0,0,0,0,0,0,0,0,1,0,0,0,0,0,0,1,0,2014,48.9,8.9,0.476439790575916
"282",0,0,0,0,0,0,0,0,0,0,1,0,0,0,0,0,0,0,1,2014,50.3,12.1,0.602094240837696
"283",0,0,0,0,0,0,0,0,0,0,1,0,0,0,0,0,1,0,0,2014,55.8,8.3,0.87434554973822
"284",0,0,0,0,0,0,0,0,0,0,1,0,1,0,0,0,0,0,0,2014,62.4,13,0.672774869109948
"285",0,0,0,0,0,0,0,0,0,0,1,0,0,0,1,0,0,0,0,2014,54.8,11.8,0.536649214659686
"286",0,0,0,0,0,0,0,0,0,0,1,0,0,0,0,1,0,0,0,2014,60.8,18.1,0.696335078534031
"287",0,0,0,0,0,0,0,0,0,0,1,0,0,1,0,0,0,0,0,2014,60.9,22.8,0.589005235602094
"288",0,0,0,0,0,0,0,0,0,0,1,0,0,0,0,0,0,1,0,2014,47.8,15.8,0.657068062827225
"289",0,0,0,0,0,0,0,0,0,0,1,0,0,0,0,0,0,0,1,2014,46.9,8.1,0.612565445026178
"290",0,0,0,0,0,0,0,0,0,0,1,0,0,0,0,0,1,0,0,2014,43,27.5,0.727748691099476
"291",0,0,0,0,0,0,0,0,0,1,0,0,1,0,0,0,0,0,0,2014,38.5,24.2,0.955497382198953
"292",0,0,0,0,0,0,0,0,0,1,0,0,0,0,1,0,0,0,0,2014,41.7,11.4,0.473821989528796
"293",0,0,0,0,0,0,0,0,0,1,0,0,0,0,0,1,0,0,0,2014,51,21.3,0.596858638743455
"294",0,0,0,0,0,0,0,0,0,1,0,0,0,1,0,0,0,0,0,2014,55.3,23.5,0.602094240837696
"295",0,0,0,0,0,0,0,0,0,1,0,0,0,0,0,0,0,1,0,2014,48.5,13.7,0.518324607329843
"296",0,0,0,0,0,0,0,0,0,1,0,0,0,0,0,0,0,0,1,2014,48,22.8,0.321989528795811
"297",0,0,0,0,0,0,0,0,0,1,0,0,0,0,0,0,1,0,0,2014,39.3,14.8,0.615183246073298
"298",0,0,0,0,0,0,0,0,0,1,0,0,1,0,0,0,0,0,0,2014,43.7,19.4,0.523560209424084
"299",0,0,0,0,0,0,0,0,0,1,0,0,0,0,1,0,0,0,0,2014,42.5,16.5,0.363874345549738
"300",0,0,0,0,0,0,0,0,0,1,0,0,0,0,0,1,0,0,0,2014,50.1,14.7,0.602094240837696
"301",0,0,0,0,0,0,0,0,0,1,0,0,0,1,0,0,0,0,0,2014,50.1,19.1,0.337696335078534
"302",0,0,0,0,0,0,0,0,0,1,0,0,0,0,0,0,0,1,0,2014,30.2,18.1,0.130890052356021
"303",0,0,0,0,0,0,0,0,0,1,0,0,0,0,0,0,0,0,1,2014,26.6,16.7,0.303664921465969
"304",0,0,0,0,0,0,0,0,0,1,0,0,0,0,0,0,1,0,0,2014,26.5,10,0.544502617801047
"305",0,0,0,0,0,0,0,0,0,1,0,0,1,0,0,0,0,0,0,2014,26.8,9.2,0.531413612565445
"306",0,0,0,0,0,0,0,0,0,1,0,0,0,0,1,0,0,0,0,2014,29.2,12.5,0.340314136125654
"307",0,0,0,0,0,0,0,0,0,1,0,0,0,0,0,1,0,0,0,2014,20.5,19.6,0.206806282722513
"308",0,0,0,0,0,0,0,0,0,1,0,0,0,1,0,0,0,0,0,2014,13.9,25,0.204188481675393
"309",0,0,0,0,0,0,0,0,0,1,0,0,0,0,0,0,0,1,0,2014,23,21.7,0.230366492146597
"310",0,0,0,0,0,0,0,0,0,1,0,0,0,0,0,0,0,0,1,2014,23.2,21.8,0.227748691099476
"311",0,0,0,0,0,0,0,0,0,1,0,0,0,0,0,0,1,0,0,2014,22.4,14.6,0.494764397905759
"312",0,0,0,0,0,0,0,0,0,1,0,0,1,0,0,0,0,0,0,2014,37.7,22,0.476439790575916
"313",0,0,0,0,0,0,0,0,0,1,0,0,0,0,1,0,0,0,0,2014,49.2,20.4,0.371727748691099
"314",0,0,0,0,0,0,0,0,0,1,0,0,0,0,0,1,0,0,0,2014,42.4,17.6,0.120418848167539
"315",0,0,0,0,0,0,0,0,0,1,0,0,0,1,0,0,0,0,0,2014,25.3,19.5,0.301047120418848
"316",0,0,0,0,0,0,0,0,0,1,0,0,0,0,0,0,0,1,0,2014,25.1,8.1,0.342931937172775
"317",0,0,0,0,0,0,0,0,0,1,0,0,0,0,0,0,1,0,0,2014,23.2,13.9,0.159685863874346
"318",0,0,0,0,0,0,0,0,0,1,0,0,1,0,0,0,0,0,0,2014,38.3,20.9,0.418848167539267
"319",0,0,0,0,0,0,0,0,0,1,0,0,0,0,1,0,0,0,0,2014,46.3,19.6,0.460732984293194
"320",0,0,1,0,0,0,0,0,0,0,0,0,0,0,0,1,0,0,0,2014,23.8,17.4,0.709424083769634
"321",0,0,1,0,0,0,0,0,0,0,0,0,0,1,0,0,0,0,0,2014,26.7,16.1,0.274869109947644
"322",0,0,1,0,0,0,0,0,0,0,0,0,0,0,0,0,0,1,0,2014,31.3,16,0.534031413612565
"323",0,0,1,0,0,0,0,0,0,0,0,0,0,0,0,0,0,0,1,2014,30.8,10.4,0.379581151832461
"324",0,0,1,0,0,0,0,0,0,0,0,0,0,0,0,0,1,0,0,2014,34.3,9.4,0.675392670157068
"325",0,0,1,0,0,0,0,0,0,0,0,0,1,0,0,0,0,0,0,2014,37.1,15.4,0.301047120418848
"326",0,0,1,0,0,0,0,0,0,0,0,0,0,0,1,0,0,0,0,2014,34.6,15,0.128272251308901
"327",0,0,1,0,0,0,0,0,0,0,0,0,0,0,0,1,0,0,0,2014,34.7,15.5,0.426701570680628
"328",0,0,1,0,0,0,0,0,0,0,0,0,0,1,0,0,0,0,0,2014,35.5,17.6,0.277486910994764
"329",0,0,1,0,0,0,0,0,0,0,0,0,0,0,0,0,0,1,0,2014,32.3,17.5,0.471204188481675
"330",0,0,1,0,0,0,0,0,0,0,0,0,0,0,0,0,0,0,1,2014,29,12.5,0.240837696335079
"331",0,0,1,0,0,0,0,0,0,0,0,0,0,0,0,0,1,0,0,2014,29.7,12.6,0.476439790575916
"332",0,0,1,0,0,0,0,0,0,0,0,0,1,0,0,0,0,0,0,2014,39.8,11.7,0.581151832460733
"333",0,0,1,0,0,0,0,0,0,0,0,0,0,0,1,0,0,0,0,2014,47.8,13.2,0.442408376963351
"334",0,0,1,0,0,0,0,0,0,0,0,0,0,0,0,1,0,0,0,2014,43,15.6,0.479057591623037
"335",0,0,1,0,0,0,0,0,0,0,0,0,0,1,0,0,0,0,0,2014,41,12.2,0.301047120418848
"336",0,0,1,0,0,0,0,0,0,0,0,0,0,0,0,0,0,1,0,2014,28.4,16,0.49738219895288
"337",0,0,1,0,0,0,0,0,0,0,0,0,0,0,0,0,0,0,1,2014,25,7.4,0.316753926701571
"338",0,0,1,0,0,0,0,0,0,0,0,0,0,0,0,0,1,0,0,2014,29.6,6.9,0.583769633507853
"339",0,0,1,0,0,0,0,0,0,0,0,0,1,0,0,0,0,0,0,2014,31.9,7.6,0.507853403141361
"340",0,0,1,0,0,0,0,0,0,0,0,0,0,0,1,0,0,0,0,2014,33.3,14,0.274869109947644
"341",0,0,1,0,0,0,0,0,0,0,0,0,0,0,0,1,0,0,0,2014,34.2,16.2,0.267015706806283
"342",0,0,1,0,0,0,0,0,0,0,0,0,0,1,0,0,0,0,0,2014,42.6,16.5,0.335078534031414
"343",0,0,1,0,0,0,0,0,0,0,0,0,0,0,0,0,0,1,0,2014,40,8,0.0575916230366492
"344",0,0,1,0,0,0,0,0,0,0,0,0,0,0,0,0,1,0,0,2014,41.2,20.3,0.212041884816754
"345",0,0,1,0,0,0,0,0,0,0,0,0,1,0,0,0,0,0,0,2014,44.6,20.3,0.447643979057592
"346",0,0,1,0,0,0,0,0,0,0,0,0,0,0,1,0,0,0,0,2014,30.4,11.8,0.225130890052356
"347",0,0,1,0,0,0,0,0,0,0,0,0,0,0,0,1,0,0,0,2014,30.6,11.6,0.345549738219895
"348",0,0,1,0,0,0,0,0,0,0,0,0,0,1,0,0,0,0,0,2014,20.1,14.3,0.0654450261780105
"349",0,0,1,0,0,0,0,0,0,0,0,0,0,0,0,0,0,1,0,2014,12.1,18.4,0.102094240837696
"350",0,0,0,0,1,0,0,0,0,0,0,0,0,1,0,0,0,0,0,2024,38,18.4,0.380462724935733
"351",0,0,0,0,1,0,0,0,0,0,0,0,0,0,0,0,0,1,0,2024,33.9,13.1,0.434447300771208
"352",0,0,0,0,1,0,0,0,0,0,0,0,0,0,0,0,0,0,1,2024,34,12.9,0.475578406169666
"353",0,0,0,0,1,0,0,0,0,0,0,0,0,0,0,0,1,0,0,2024,33.3,10.5,0.447300771208226
"354",0,0,0,0,1,0,0,0,0,0,0,0,1,0,0,0,0,0,0,2024,33.9,12.4,0.336760925449871
"355",0,0,0,0,1,0,0,0,0,0,0,0,0,0,1,0,0,0,0,2024,33.9,12.2,0.352185089974293
"356",0,0,0,0,1,0,0,0,0,0,0,0,0,0,0,1,0,0,0,2024,34.8,12.5,0.388174807197943
"357",0,0,0,0,1,0,0,0,0,0,0,0,0,1,0,0,0,0,0,2024,36.4,22.1,0.102827763496144
"358",0,0,0,0,1,0,0,0,0,0,0,0,0,0,0,0,0,1,0,2024,34.9,21.1,0.447300771208226
"359",0,0,0,0,1,0,0,0,0,0,0,0,0,0,0,0,0,0,1,2024,33.7,17.7,0.341902313624679
"360",0,0,0,0,1,0,0,0,0,0,0,0,0,0,0,0,1,0,0,2024,35,21.9,0.120822622107969
"361",0,0,0,0,1,0,0,0,0,0,0,0,1,0,0,0,0,0,0,2024,28.8,24.4,0.0848329048843188
"362",0,0,0,0,1,0,0,0,0,0,0,0,0,0,0,0,0,1,0,2024,9.4,20.8,0.154241645244216
"363",0,0,0,0,1,0,0,0,0,0,0,0,0,0,0,0,0,0,1,2024,21.2,9.5,0.226221079691517
"364",0,0,0,0,1,0,0,0,0,0,0,0,0,0,0,0,1,0,0,2024,14.8,19.8,0.190231362467866
"365",0,0,0,0,1,0,0,0,0,0,0,0,1,0,0,0,0,0,0,2024,12.8,18.9,0.131105398457584
"366",0,0,0,0,1,0,0,0,0,0,0,0,0,0,1,0,0,0,0,2024,14.2,14.8,0.089974293059126
"367",0,0,0,0,1,0,0,0,0,0,0,0,0,0,0,1,0,0,0,2024,26.4,24.8,0.241645244215938
"368",0,0,0,0,1,0,0,0,0,0,0,0,0,1,0,0,0,0,0,2024,33.6,10.6,0.341902313624679
"369",0,0,0,0,1,0,0,0,0,0,0,0,0,0,0,0,0,1,0,2024,35.3,5.1,0.313624678663239
"370",0,0,0,0,1,0,0,0,0,0,0,0,0,0,0,0,0,0,1,2024,35.6,9.9,0.501285347043702
"371",0,0,0,0,1,0,0,0,0,0,0,0,0,0,0,0,1,0,0,2024,35.7,12.9,0.532133676092545
"372",0,0,0,0,1,0,0,0,0,0,0,0,1,0,0,0,0,0,0,2024,36.3,8.7,0.431876606683805
"373",0,0,0,0,1,0,0,0,0,0,0,0,0,0,1,0,0,0,0,2024,35.1,19.6,0.526992287917738
"374",0,0,0,0,1,0,0,0,0,0,0,0,0,0,0,1,0,0,0,2024,34.1,12.4,0.455012853470437
"375",0,0,0,0,1,0,0,0,0,0,0,0,0,1,0,0,0,0,0,2024,36.7,15.6,0.565552699228792
"376",0,0,0,0,1,0,0,0,0,0,0,0,0,0,0,0,0,1,0,2024,37.7,12.9,0.506426735218509
"377",0,0,0,1,0,0,0,0,0,0,0,0,0,0,0,0,0,0,1,2024,39.9,15.2,0.712082262210797
"378",0,0,0,1,0,0,0,0,0,0,0,0,0,0,0,0,1,0,0,2024,36.6,13.1,0.480719794344473
"379",0,0,0,1,0,0,0,0,0,0,0,0,1,0,0,0,0,0,0,2024,33.7,10.1,0.380462724935733
"380",0,0,0,1,0,0,0,0,0,0,0,0,0,0,1,0,0,0,0,2024,35.9,9.9,0.447300771208226
"381",0,0,0,1,0,0,0,0,0,0,0,0,0,0,0,1,0,0,0,2024,35.3,14,0.557840616966581
"382",0,0,0,1,0,0,0,0,0,0,0,0,0,1,0,0,0,0,0,2024,34.6,9.5,0.491002570694087
"383",0,0,0,1,0,0,0,0,0,0,0,0,0,0,0,0,0,1,0,2024,37.3,10.7,0.552699228791774
"384",0,0,0,1,0,0,0,0,0,0,0,0,0,0,0,0,0,0,1,2024,46.6,22,0.519280205655527
"385",0,0,0,1,0,0,0,0,0,0,0,0,0,0,0,0,1,0,0,2024,51.3,23.9,0.611825192802057
"386",0,0,0,1,0,0,0,0,0,0,0,0,1,0,0,0,0,0,0,2024,39.1,12.2,0.519280205655527
"387",0,0,0,1,0,0,0,0,0,0,0,0,0,0,1,0,0,0,0,2024,34,8.4,0.3573264781491
"388",0,0,0,1,0,0,0,0,0,0,0,0,0,0,0,1,0,0,0,2024,35,7.3,0.411311053984576
"389",0,0,0,1,0,0,0,0,0,0,0,0,0,1,0,0,0,0,0,2024,36.5,12.1,0.377892030848329
"390",0,0,0,1,0,0,0,0,0,0,0,0,0,0,0,0,0,1,0,2024,35.5,8.9,0.465295629820051
"391",0,0,0,1,0,0,0,0,0,0,0,0,0,0,0,0,0,0,1,2024,39.8,20,0.388174807197943
"392",0,0,0,1,0,0,0,0,0,0,0,0,0,0,0,0,1,0,0,2024,30.9,14.2,0.508997429305913
"393",0,0,0,1,0,0,0,0,0,0,0,0,1,0,0,0,0,0,0,2024,21.6,20.4,0.380462724935733
"394",0,0,0,1,0,0,0,0,0,0,0,0,0,0,1,0,0,0,0,2024,30.6,22.4,0.447300771208226
"395",0,0,0,1,0,0,0,0,0,0,0,0,0,0,0,1,0,0,0,2024,36.6,8.1,0.426735218508997
"396",0,0,0,1,0,0,0,0,0,0,0,0,0,1,0,0,0,0,0,2024,40.9,13.8,0.416452442159383
"397",0,0,0,1,0,0,0,0,0,0,0,0,0,0,0,0,0,1,0,2024,51.5,20.3,0.44987146529563
"398",0,0,0,1,0,0,0,0,0,0,0,0,0,0,0,0,0,0,1,2024,45.4,8.4,0.452442159383033
"399",0,0,0,1,0,0,0,0,0,0,0,0,0,0,0,0,1,0,0,2024,44.5,13.5,0.349614395886889
"400",0,0,0,1,0,0,0,0,0,0,0,0,1,0,0,0,0,0,0,2024,26.9,17.9,0.370179948586118
"401",0,0,0,1,0,0,0,0,0,0,0,0,0,0,1,0,0,0,0,2024,40,21.5,0.501285347043702
"402",0,0,0,1,0,0,0,0,0,0,0,0,0,0,0,1,0,0,0,2024,50,10.7,0.44987146529563
"403",0,0,0,1,0,0,0,0,0,0,0,0,0,1,0,0,0,0,0,2024,59.8,25.5,0.508997429305913
"404",0,0,0,1,0,0,0,0,0,0,0,0,0,0,0,0,0,1,0,2024,38.6,23.1,0.408740359897172
"405",0,0,0,1,0,0,0,0,0,0,0,0,0,0,0,0,0,0,1,2024,28.9,15.4,0.524421593830334
"406",0,0,0,0,0,0,0,1,0,0,0,0,0,0,0,0,1,0,0,2024,39.1,18.9,0.784061696658098
"407",0,0,0,0,0,0,0,1,0,0,0,0,1,0,0,0,0,0,0,2024,42.7,13.6,0.3573264781491
"408",0,0,0,0,0,0,0,1,0,0,0,0,0,0,1,0,0,0,0,2024,48.2,22,0.434447300771208
"409",0,0,0,0,0,0,0,1,0,0,0,0,0,0,0,1,0,0,0,2024,58.4,20,0.534704370179949
"410",0,0,0,0,0,0,0,1,0,0,0,0,0,1,0,0,0,0,0,2024,44.6,21,0.501285347043702
"411",0,0,0,0,0,0,0,1,0,0,0,0,0,0,0,0,0,1,0,2024,38.9,20,0.388174807197943
"412",0,0,0,0,0,0,0,1,0,0,0,0,0,0,0,0,0,0,1,2024,38.8,11.7,0.406169665809769
"413",0,0,0,0,0,0,0,1,0,0,0,0,0,0,0,0,1,0,0,2024,40.6,12.7,0.352185089974293
"414",0,0,0,0,0,0,0,1,0,0,0,0,1,0,0,0,0,0,0,2024,40.1,19.2,0.359897172236504
"415",0,0,0,0,0,0,0,1,0,0,0,0,0,0,1,0,0,0,0,2024,35.6,21.2,0.305912596401028
"416",0,0,0,0,0,0,0,1,0,0,0,0,0,0,0,1,0,0,0,2024,45.9,16.8,0.434447300771208
"417",0,0,0,0,0,0,0,1,0,0,0,0,0,1,0,0,0,0,0,2024,60.2,24.5,0.580976863753213
"418",0,0,0,0,0,0,0,1,0,0,0,0,0,0,0,0,0,1,0,2024,53.8,13.2,0.488431876606684
"419",0,0,0,0,0,0,0,1,0,0,0,0,0,0,0,0,0,0,1,2024,45.2,12.6,0.354755784061697
"420",0,0,0,0,0,0,0,1,0,0,0,0,0,0,0,0,1,0,0,2024,38.9,20.3,0.372750642673522
"421",0,0,0,0,0,0,0,1,0,0,0,0,1,0,0,0,0,0,0,2024,46.6,20.3,0.712082262210797
"422",0,0,0,0,0,0,0,1,0,0,0,0,0,0,1,0,0,0,0,2024,39.5,19.8,0.413881748071979
"423",0,0,0,0,0,0,0,1,0,0,0,0,0,0,0,1,0,0,0,2024,30.2,16.5,0.359897172236504
"424",0,0,0,0,0,0,0,1,0,0,0,0,0,1,0,0,0,0,0,2024,38.7,22.5,0.377892030848329
"425",0,0,0,0,0,0,0,1,0,0,0,0,0,0,0,0,0,1,0,2024,38.9,17,0.547557840616967
"426",0,0,0,0,0,0,0,1,0,0,0,0,0,0,0,0,0,0,1,2024,32.2,7,0.447300771208226
"427",0,0,0,0,0,0,0,1,0,0,0,0,0,0,0,0,1,0,0,2024,34.4,15.9,0.383033419023136
"428",0,0,0,0,0,0,0,1,0,0,0,0,1,0,0,0,0,0,0,2024,34.3,20,0.303341902313625
"429",0,0,0,0,0,0,0,1,0,0,0,0,0,0,1,0,0,0,0,2024,36,15.7,0.539845758354756
"430",0,0,0,0,0,0,0,1,0,0,0,0,0,0,0,1,0,0,0,2024,47.9,19.5,0.393316195372751
"431",0,0,0,0,0,0,0,1,0,0,0,0,0,1,0,0,0,0,0,2024,51,22.9,0.408740359897172
"432",0,0,0,0,0,0,0,1,0,0,0,0,0,0,0,0,0,1,0,2024,31.9,24.9,0.473007712082262
"433",1,0,0,0,0,0,0,0,0,0,0,0,0,0,0,1,0,0,0,2024,42.4,16.5,0.598971722365039
"434",1,0,0,0,0,0,0,0,0,0,0,0,0,1,0,0,0,0,0,2024,45.5,23.2,0.231362467866324
"435",1,0,0,0,0,0,0,0,0,0,0,0,0,0,0,0,0,1,0,2024,37.6,21.6,0.105398457583548
"436",1,0,0,0,0,0,0,0,0,0,0,0,0,0,0,0,0,0,1,2024,39.4,24,0.303341902313625
"437",1,0,0,0,0,0,0,0,0,0,0,0,0,0,0,0,1,0,0,2024,40.8,20.9,0.380462724935733
"438",1,0,0,0,0,0,0,0,0,0,0,0,1,0,0,0,0,0,0,2024,41.9,9.6,0.526992287917738
"439",1,0,0,0,0,0,0,0,0,0,0,0,0,0,1,0,0,0,0,2024,44.2,14.6,0.303341902313625
"440",1,0,0,0,0,0,0,0,0,0,0,0,0,0,0,1,0,0,0,2024,55.8,16.6,0.501285347043702
"441",1,0,0,0,0,0,0,0,0,0,0,0,0,1,0,0,0,0,0,2024,62.8,15.1,0.519280205655527
"442",1,0,0,0,0,0,0,0,0,0,0,0,0,0,0,0,0,1,0,2024,58.7,8,0.488431876606684
"443",1,0,0,0,0,0,0,0,0,0,0,0,0,0,0,0,0,0,1,2024,52.8,13.2,0.467866323907455
"444",1,0,0,0,0,0,0,0,0,0,0,0,0,0,0,0,1,0,0,2024,54,17.9,0.596401028277635
"445",1,0,0,0,0,0,0,0,0,0,0,0,1,0,0,0,0,0,0,2024,54.6,11.4,0.519280205655527
"446",1,0,0,0,0,0,0,0,0,0,0,0,0,0,1,0,0,0,0,2024,68.6,23.9,0.622107969151671
"447",1,0,0,0,0,0,0,0,0,0,0,0,0,0,0,1,0,0,0,2024,55.2,8.5,0.61439588688946
"448",1,0,0,0,0,0,0,0,0,0,0,0,0,1,0,0,0,0,0,2024,54.2,14.6,0.473007712082262
"449",1,0,0,0,0,0,0,0,0,0,0,0,0,0,0,0,0,1,0,2024,64.9,24.8,0.473007712082262
"450",1,0,0,0,0,0,0,0,0,0,0,0,0,0,0,0,0,0,1,2024,54.9,10.3,0.280205655526992
"451",1,0,0,0,0,0,0,0,0,0,0,0,0,0,0,0,1,0,0,2024,50.6,20,0.501285347043702
"452",1,0,0,0,0,0,0,0,0,0,0,0,1,0,0,0,0,0,0,2024,45.8,18.8,0.352185089974293
"453",1,0,0,0,0,0,0,0,0,0,0,0,0,0,1,0,0,0,0,2024,44.7,12.6,0.452442159383033
"454",1,0,0,0,0,0,0,0,0,0,0,0,0,0,0,1,0,0,0,2024,56.1,14.2,0.565552699228792
"455",1,0,0,0,0,0,0,0,0,0,0,0,0,1,0,0,0,0,0,2024,60.7,27,0.424164524421594
"456",1,0,0,0,0,0,0,0,0,0,0,0,0,0,0,0,0,1,0,2024,44.3,22.5,0.408740359897172
"457",1,0,0,0,0,0,0,0,0,0,0,0,0,0,0,0,0,0,1,2024,44.2,8.2,0.277634961439589
"458",1,0,0,0,0,0,0,0,0,0,0,0,0,0,0,0,1,0,0,2024,50.1,18.5,0.498714652956298
"459",1,0,0,0,0,0,0,0,0,0,0,0,1,0,0,0,0,0,0,2024,66.1,24.5,0.447300771208226
"460",1,0,0,0,0,0,0,0,0,0,0,0,0,0,1,0,0,0,0,2024,64.5,20,0.640102827763496
"461",1,0,0,0,0,0,0,0,0,0,0,0,0,0,0,1,0,0,0,2024,68.2,16.9,0.457583547557841
"462",1,0,0,0,0,0,0,0,0,0,0,0,0,1,0,0,0,0,0,2024,60.6,11.2,0.526992287917738
"463",0,0,0,0,0,0,0,0,1,0,0,0,0,0,0,0,0,0,1,2024,60.2,10.9,0.611825192802057
"464",0,0,0,0,0,0,0,0,1,0,0,0,0,0,0,0,1,0,0,2024,59,8.5,0.426735218508997
"465",0,0,0,0,0,0,0,0,1,0,0,0,1,0,0,0,0,0,0,2024,57.1,6.2,0.467866323907455
"466",0,0,0,0,0,0,0,0,1,0,0,0,0,0,1,0,0,0,0,2024,56.4,12.8,0.467866323907455
"467",0,0,0,0,0,0,0,0,1,0,0,0,0,0,0,1,0,0,0,2024,56.8,7.1,0.426735218508997
"468",0,0,0,0,0,0,0,0,1,0,0,0,0,1,0,0,0,0,0,2024,64,15.4,0.537275064267352
"469",0,0,0,0,0,0,0,0,1,0,0,0,0,0,0,0,0,1,0,2024,67.1,10,0.616966580976864
"470",0,0,0,0,0,0,0,0,1,0,0,0,0,0,0,0,0,0,1,2024,59.2,16.8,0.359897172236504
"471",0,0,0,0,0,0,0,0,1,0,0,0,0,0,0,0,1,0,0,2024,56.1,12.3,0.455012853470437
"472",0,0,0,0,0,0,0,0,1,0,0,0,1,0,0,0,0,0,0,2024,61.2,15.9,0.570694087403599
"473",0,0,0,0,0,0,0,0,1,0,0,0,0,0,1,0,0,0,0,2024,66.6,12.2,0.573264781491003
"474",0,0,0,0,0,0,0,0,1,0,0,0,0,0,0,1,0,0,0,2024,76.1,18.9,0.539845758354756
"475",0,0,0,0,0,0,0,0,1,0,0,0,0,1,0,0,0,0,0,2024,57.3,15.3,0.568123393316195
"476",0,0,0,0,0,0,0,0,1,0,0,0,0,0,0,0,0,1,0,2024,55.3,20.2,0.61439588688946
"477",0,0,0,0,0,0,0,0,1,0,0,0,0,0,0,0,0,0,1,2024,61.5,10.5,0.555269922879177
"478",0,0,0,0,0,0,0,0,1,0,0,0,0,0,0,0,1,0,0,2024,66.8,9.3,0.719794344473008
"479",0,0,0,0,0,0,0,0,1,0,0,0,1,0,0,0,0,0,0,2024,70.2,9.1,0.601542416452442
"480",0,0,0,0,0,0,0,0,1,0,0,0,0,0,1,0,0,0,0,2024,73.2,11.7,0.665809768637532
"481",0,0,0,0,0,0,0,0,1,0,0,0,0,0,0,1,0,0,0,2024,69.9,9.2,0.681233933161954
"482",0,0,0,0,0,0,0,0,1,0,0,0,0,1,0,0,0,0,0,2024,71.3,12.8,0.668380462724936
"483",0,0,0,0,0,0,0,0,1,0,0,0,0,0,0,0,0,1,0,2024,75.6,27.9,0.732647814910026
"484",0,0,0,0,0,0,0,0,1,0,0,0,0,0,0,0,0,0,1,2024,71.7,12.1,0.696658097686375
"485",0,0,0,0,0,0,0,0,1,0,0,0,0,0,0,0,1,0,0,2024,69,14.2,0.691516709511568
"486",0,0,0,0,0,0,0,0,1,0,0,0,1,0,0,0,0,0,0,2024,66,14.1,0.722365038560411
"487",0,0,0,0,0,0,0,0,1,0,0,0,0,0,1,0,0,0,0,2024,63.2,10,0.632390745501285
"488",0,0,0,0,0,0,0,0,1,0,0,0,0,0,0,1,0,0,0,2024,67.8,14.9,0.622107969151671
"489",0,0,0,0,0,0,0,0,1,0,0,0,0,1,0,0,0,0,0,2024,66.1,7.4,0.61439588688946
"490",0,0,0,0,0,0,0,0,1,0,0,0,0,0,0,0,0,1,0,2024,60,20.3,0.670951156812339
"491",0,0,0,0,0,0,0,0,1,0,0,0,0,0,0,0,0,0,1,2024,59,13.2,0.611825192802057
"492",0,0,0,0,0,0,0,0,1,0,0,0,0,0,0,0,1,0,0,2024,64.6,9,0.645244215938303
"493",0,0,0,0,0,0,1,0,0,0,0,0,1,0,0,0,0,0,0,2024,66.3,12,0.982005141388175
"494",0,0,0,0,0,0,1,0,0,0,0,0,0,0,1,0,0,0,0,2024,63.8,9.8,0.596401028277635
"495",0,0,0,0,0,0,1,0,0,0,0,0,0,0,0,1,0,0,0,2024,68.7,10.5,0.796915167095116
"496",0,0,0,0,0,0,1,0,0,0,0,0,0,1,0,0,0,0,0,2024,77.1,15,0.57840616966581
"497",0,0,0,0,0,0,1,0,0,0,0,0,0,0,0,0,0,1,0,2024,75.7,16.6,0.732647814910026
"498",0,0,0,0,0,0,1,0,0,0,0,0,0,0,0,0,0,0,1,2024,76.5,18.9,0.845758354755784
"499",0,0,0,0,0,0,1,0,0,0,0,0,0,0,0,0,1,0,0,2024,72.1,19.2,0.778920308483291
"500",0,0,0,0,0,0,1,0,0,0,0,0,1,0,0,0,0,0,0,2024,69.9,10,0.655526992287918
"501",0,0,0,0,0,0,1,0,0,0,0,0,0,0,1,0,0,0,0,2024,68.4,18,0.670951156812339
"502",0,0,0,0,0,0,1,0,0,0,0,0,0,0,0,1,0,0,0,2024,60.6,19.3,0.619537275064267
"503",0,0,0,0,0,0,1,0,0,0,0,0,0,1,0,0,0,0,0,2024,62.9,8.4,0.383033419023136
"504",0,0,0,0,0,0,1,0,0,0,0,0,0,0,0,0,0,1,0,2024,75.8,14.9,0.529562982005141
"505",0,0,0,0,0,0,1,0,0,0,0,0,0,0,0,0,0,0,1,2024,84.8,16.1,0.658097686375321
"506",0,0,0,0,0,0,1,0,0,0,0,0,0,0,0,0,1,0,0,2024,73.7,10.6,0.552699228791774
"507",0,0,0,0,0,0,1,0,0,0,0,0,1,0,0,0,0,0,0,2024,72.9,11.3,0.858611825192802
"508",0,0,0,0,0,0,1,0,0,0,0,0,0,0,1,0,0,0,0,2024,79.3,20.3,0.776349614395887
"509",0,0,0,0,0,0,1,0,0,0,0,0,0,0,0,1,0,0,0,2024,88.3,18.1,0.858611825192802
"510",0,0,0,0,0,0,1,0,0,0,0,0,0,1,0,0,0,0,0,2024,84.7,23.5,0.768637532133676
"511",0,0,0,0,0,0,1,0,0,0,0,0,0,0,0,0,0,1,0,2024,86.5,19.4,0.660668380462725
"512",0,0,0,0,0,0,1,0,0,0,0,0,0,0,0,0,0,0,1,2024,72.7,13,0.655526992287918
"513",0,0,0,0,0,0,1,0,0,0,0,0,0,0,0,0,1,0,0,2024,72.1,7.6,0.817480719794344
"514",0,0,0,0,0,0,1,0,0,0,0,0,1,0,0,0,0,0,0,2024,82.3,16.9,0.719794344473008
"515",0,0,0,0,0,0,1,0,0,0,0,0,0,0,1,0,0,0,0,2024,79.8,16.3,0.627249357326478
"516",0,0,0,0,0,0,1,0,0,0,0,0,0,0,0,1,0,0,0,2024,78.4,7.4,0.732647814910026
"517",0,0,0,0,0,0,1,0,0,0,0,0,0,1,0,0,0,0,0,2024,82.2,24,0.650385604113111
"518",0,0,0,0,0,0,1,0,0,0,0,0,0,0,0,0,0,1,0,2024,79.8,11.4,0.606683804627249
"519",0,0,0,0,0,0,1,0,0,0,0,0,0,0,0,0,0,0,1,2024,65.4,9.5,0.547557840616967
"520",0,0,0,0,0,0,1,0,0,0,0,0,0,0,0,0,1,0,0,2024,69.9,13.2,0.416452442159383
"521",0,0,0,0,0,0,1,0,0,0,0,0,1,0,0,0,0,0,0,2024,79.1,11.2,0.670951156812339
"522",0,0,0,0,0,0,1,0,0,0,0,0,0,0,1,0,0,0,0,2024,69.8,21.5,0.776349614395887
"523",0,0,0,0,0,1,0,0,0,0,0,0,0,0,0,1,0,0,0,2024,66.2,12.4,0.881748071979435
"524",0,0,0,0,0,1,0,0,0,0,0,0,0,1,0,0,0,0,0,2024,71.2,16.1,0.763496143958869
"525",0,0,0,0,0,1,0,0,0,0,0,0,0,0,0,0,0,1,0,2024,79.5,16.1,0.812339331619537
"526",0,0,0,0,0,1,0,0,0,0,0,0,0,0,0,0,0,0,1,2024,79.4,5.4,0.812339331619537
"527",0,0,0,0,0,1,0,0,0,0,0,0,0,0,0,0,1,0,0,2024,77.6,13.8,0.951156812339332
"528",0,0,0,0,0,1,0,0,0,0,0,0,1,0,0,0,0,0,0,2024,72,10.7,0.74293059125964
"529",0,0,0,0,0,1,0,0,0,0,0,0,0,0,1,0,0,0,0,2024,73.6,10.8,0.735218508997429
"530",0,0,0,0,0,1,0,0,0,0,0,0,0,0,0,1,0,0,0,2024,76.1,11.2,0.709511568123393
"531",0,0,0,0,0,1,0,0,0,0,0,0,0,1,0,0,0,0,0,2024,76.5,5.3,0.552699228791774
"532",0,0,0,0,0,1,0,0,0,0,0,0,0,0,0,0,0,1,0,2024,71,14.7,0.439588688946015
"533",0,0,0,0,0,1,0,0,0,0,0,0,0,0,0,0,0,0,1,2024,71.4,7,0.652956298200514
"534",0,0,0,0,0,1,0,0,0,0,0,0,0,0,0,0,1,0,0,2024,72.3,6.8,0.724935732647815
"535",0,0,0,0,0,1,0,0,0,0,0,0,1,0,0,0,0,0,0,2024,75.8,7.4,0.794344473007712
"536",0,0,0,0,0,1,0,0,0,0,0,0,0,0,1,0,0,0,0,2024,78.7,16.4,0.498714652956298
"537",0,0,0,0,0,1,0,0,0,0,0,0,0,0,0,1,0,0,0,2024,77.1,12.6,0.552699228791774
"538",0,0,0,0,0,1,0,0,0,0,0,0,0,1,0,0,0,0,0,2024,77,14.1,0.627249357326478
"539",0,0,0,0,0,1,0,0,0,0,0,0,0,0,0,0,0,1,0,2024,73.2,11.1,0.647814910025707
"540",0,0,0,0,0,1,0,0,0,0,0,0,0,0,0,0,0,0,1,2024,69,17.1,0.442159383033419
"541",0,0,0,0,0,1,0,0,0,0,0,0,0,0,0,0,1,0,0,2024,70.2,7.9,0.740359897172236
"542",0,0,0,0,0,1,0,0,0,0,0,0,1,0,0,0,0,0,0,2024,73.3,8,0.696658097686375
"543",0,0,0,0,0,1,0,0,0,0,0,0,0,0,1,0,0,0,0,2024,74.5,4.8,0.84318766066838
"544",0,0,0,0,0,1,0,0,0,0,0,0,0,0,0,1,0,0,0,2024,72.7,6.8,0.766066838046273
"545",0,0,0,0,0,1,0,0,0,0,0,0,0,1,0,0,0,0,0,2024,76.7,8.5,0.606683804627249
"546",0,0,0,0,0,1,0,0,0,0,0,0,0,0,0,0,0,1,0,2024,72,10.8,0.737789203084833
"547",0,0,0,0,0,1,0,0,0,0,0,0,0,0,0,0,0,0,1,2024,70.7,10,0.616966580976864
"548",0,0,0,0,0,1,0,0,0,0,0,0,0,0,0,0,1,0,0,2024,71.6,8.6,0.665809768637532
"549",0,0,0,0,0,1,0,0,0,0,0,0,1,0,0,0,0,0,0,2024,74.6,11.8,0.794344473007712
"550",0,0,0,0,0,1,0,0,0,0,0,0,0,0,1,0,0,0,0,2024,76.2,11.4,0.732647814910026
"551",0,0,0,0,0,1,0,0,0,0,0,0,0,0,0,1,0,0,0,2024,77.1,14.4,0.70694087403599
"552",0,0,0,0,0,1,0,0,0,0,0,0,0,1,0,0,0,0,0,2024,76.2,6.1,0.560411311053985
"553",0,0,0,0,0,1,0,0,0,0,0,0,0,0,0,0,0,1,0,2024,79.9,8,0.719794344473008
"554",0,1,0,0,0,0,0,0,0,0,0,0,0,0,0,0,0,0,1,2024,80.5,9.3,0.853470437017995
"555",0,1,0,0,0,0,0,0,0,0,0,0,0,0,0,0,1,0,0,2024,75.5,14.1,0.727506426735218
"556",0,1,0,0,0,0,0,0,0,0,0,0,1,0,0,0,0,0,0,2024,77.8,8.1,0.904884318766067
"557",0,1,0,0,0,0,0,0,0,0,0,0,0,0,1,0,0,0,0,2024,78.3,6.9,0.894601542416452
"558",0,1,0,0,0,0,0,0,0,0,0,0,0,0,0,1,0,0,0,2024,80.2,12.6,0.717223650385604
"559",0,1,0,0,0,0,0,0,0,0,0,0,0,1,0,0,0,0,0,2024,73.6,15.6,0.593830334190231
"560",0,1,0,0,0,0,0,0,0,0,0,0,0,0,0,0,0,1,0,2024,71.7,21.7,0.637532133676093
"561",0,1,0,0,0,0,0,0,0,0,0,0,0,0,0,0,0,0,1,2024,74.3,8.4,0.491002570694087
"562",0,1,0,0,0,0,0,0,0,0,0,0,0,0,0,0,1,0,0,2024,71,15.4,0.598971722365039
"563",0,1,0,0,0,0,0,0,0,0,0,0,1,0,0,0,0,0,0,2024,67.7,17.2,0.7146529562982
"564",0,1,0,0,0,0,0,0,0,0,0,0,0,0,1,0,0,0,0,2024,69.9,13.6,0.570694087403599
"565",0,1,0,0,0,0,0,0,0,0,0,0,0,1,0,0,0,0,0,2024,74.3,7.3,0.508997429305913
"566",0,1,0,0,0,0,0,0,0,0,0,0,0,0,0,0,0,1,0,2024,75.6,7.2,0.488431876606684
"567",0,1,0,0,0,0,0,0,0,0,0,0,0,0,0,0,0,0,1,2024,74.4,18,0.506426735218509
"568",0,1,0,0,0,0,0,0,0,0,0,0,0,0,0,0,1,0,0,2024,76.5,16.7,0.491002570694087
"569",0,1,0,0,0,0,0,0,0,0,0,0,1,0,0,0,0,0,0,2024,74.5,11.7,0.622107969151671
"570",0,1,0,0,0,0,0,0,0,0,0,0,0,0,1,0,0,0,0,2024,72.4,16.6,0.598971722365039
"571",0,1,0,0,0,0,0,0,0,0,0,0,0,0,0,1,0,0,0,2024,71.2,21.4,0.488431876606684
"572",0,1,0,0,0,0,0,0,0,0,0,0,0,1,0,0,0,0,0,2024,67,15.6,0.506426735218509
"573",0,1,0,0,0,0,0,0,0,0,0,0,0,0,0,0,0,1,0,2024,67.9,7.3,0.437017994858612
"574",0,1,0,0,0,0,0,0,0,0,0,0,0,0,0,0,0,0,1,2024,69.3,8,0.398457583547558
"575",0,1,0,0,0,0,0,0,0,0,0,0,0,0,0,0,1,0,0,2024,72.3,11.5,0.534704370179949
"576",0,1,0,0,0,0,0,0,0,0,0,0,1,0,0,0,0,0,0,2024,74.6,9.7,0.696658097686375
"577",0,1,0,0,0,0,0,0,0,0,0,0,0,0,1,0,0,0,0,2024,81.7,13.7,0.516709511568123
"578",0,1,0,0,0,0,0,0,0,0,0,0,0,0,0,1,0,0,0,2024,83.7,16.7,0.61439588688946
"579",0,1,0,0,0,0,0,0,0,0,0,0,0,1,0,0,0,0,0,2024,85.2,12.8,0.529562982005141
"580",0,1,0,0,0,0,0,0,0,0,0,0,0,0,0,0,0,1,0,2024,77.1,13.5,0.663239074550129
"581",0,1,0,0,0,0,0,0,0,0,0,0,0,0,0,0,0,0,1,2024,73.4,8.7,0.529562982005141
"582",0,1,0,0,0,0,0,0,0,0,0,0,0,0,0,0,1,0,0,2024,77.2,10.6,0.737789203084833
"583",0,1,0,0,0,0,0,0,0,0,0,0,1,0,0,0,0,0,0,2024,75,9.3,0.663239074550129
"584",0,0,0,0,0,0,0,0,0,0,0,1,0,0,0,1,0,0,0,2024,69.5,14.3,0.724935732647815
"585",0,0,0,0,0,0,0,0,0,0,0,1,0,1,0,0,0,0,0,2024,68.8,11.2,0.686375321336761
"586",0,0,0,0,0,0,0,0,0,0,0,1,0,0,0,0,0,1,0,2024,71.5,11,0.650385604113111
"587",0,0,0,0,0,0,0,0,0,0,0,1,0,0,0,0,0,0,1,2024,77.2,9.4,0.740359897172236
"588",0,0,0,0,0,0,0,0,0,0,0,1,0,0,0,0,1,0,0,2024,70,18.5,0.696658097686375
"589",0,0,0,0,0,0,0,0,0,0,0,1,1,0,0,0,0,0,0,2024,59.9,22.8,0.670951156812339
"590",0,0,0,0,0,0,0,0,0,0,0,1,0,0,1,0,0,0,0,2024,62.8,11.9,0.616966580976864
"591",0,0,0,0,0,0,0,0,0,0,0,1,0,0,0,1,0,0,0,2024,70.5,17.4,0.562982005141388
"592",0,0,0,0,0,0,0,0,0,0,0,1,0,1,0,0,0,0,0,2024,73.8,8.5,0.570694087403599
"593",0,0,0,0,0,0,0,0,0,0,0,1,0,0,0,0,0,1,0,2024,73.6,10.9,0.580976863753213
"594",0,0,0,0,0,0,0,0,0,0,0,1,0,0,0,0,0,0,1,2024,73.6,7,0.524421593830334
"595",0,0,0,0,0,0,0,0,0,0,0,1,0,0,0,0,1,0,0,2024,74.2,16,0.83547557840617
"596",0,0,0,0,0,0,0,0,0,0,0,1,1,0,0,0,0,0,0,2024,74.1,11.5,0.727506426735218
"597",0,0,0,0,0,0,0,0,0,0,0,1,0,0,1,0,0,0,0,2024,74.6,10.4,0.77120822622108
"598",0,0,0,0,0,0,0,0,0,0,0,1,0,0,0,1,0,0,0,2024,74.9,9.4,0.609254498714653
"599",0,0,0,0,0,0,0,0,0,0,0,1,0,1,0,0,0,0,0,2024,73.6,7.7,0.70694087403599
"600",0,0,0,0,0,0,0,0,0,0,0,1,0,0,0,0,0,1,0,2024,72.7,9.3,0.598971722365039
"601",0,0,0,0,0,0,0,0,0,0,0,1,0,0,0,0,0,0,1,2024,74.1,8.7,0.6426735218509
"602",0,0,0,0,0,0,0,0,0,0,0,1,0,0,0,0,1,0,0,2024,76.6,13.4,0.80719794344473
"603",0,0,0,0,0,0,0,0,0,0,0,1,1,0,0,0,0,0,0,2024,76.2,6.4,0.766066838046273
"604",0,0,0,0,0,0,0,0,0,0,0,1,0,0,1,0,0,0,0,2024,75,9.5,0.575835475578406
"605",0,0,0,0,0,0,0,0,0,0,0,1,0,0,0,1,0,0,0,2024,66.3,20.1,0.61439588688946
"606",0,0,0,0,0,0,0,0,0,0,0,1,0,1,0,0,0,0,0,2024,66.7,9.4,0.264781491002571
"607",0,0,0,0,0,0,0,0,0,0,0,1,0,0,0,0,0,1,0,2024,66,11.8,0.647814910025707
"608",0,0,0,0,0,0,0,0,0,0,0,1,0,0,0,0,0,0,1,2024,69,7.3,0.629820051413882
"609",0,0,0,0,0,0,0,0,0,0,0,1,0,0,0,0,1,0,0,2024,70.2,24.2,0.645244215938303
"610",0,0,0,0,0,0,0,0,0,0,0,1,1,0,0,0,0,0,0,2024,70.1,28,0.663239074550129
"611",0,0,0,0,0,0,0,0,0,0,0,1,0,0,1,0,0,0,0,2024,70.5,19.6,0.616966580976864
"612",0,0,0,0,0,0,0,0,0,0,0,1,0,0,0,1,0,0,0,2024,70.2,9.7,0.691516709511568
"613",0,0,0,0,0,0,0,0,0,0,1,0,0,1,0,0,0,0,0,2024,68,15.3,0.868894601542416
"614",0,0,0,0,0,0,0,0,0,0,1,0,0,0,0,0,0,1,0,2024,63.5,12.6,0.552699228791774
"615",0,0,0,0,0,0,0,0,0,0,1,0,0,0,0,0,0,0,1,2024,67.4,12.4,0.529562982005141
"616",0,0,0,0,0,0,0,0,0,0,1,0,0,0,0,0,1,0,0,2024,67.8,15.6,0.645244215938303
"617",0,0,0,0,0,0,0,0,0,0,1,0,1,0,0,0,0,0,0,2024,68.4,19.1,0.673521850899743
"618",0,0,0,0,0,0,0,0,0,0,1,0,0,0,1,0,0,0,0,2024,73.3,23.5,0.588688946015424
"619",0,0,0,0,0,0,0,0,0,0,1,0,0,0,0,1,0,0,0,2024,60.4,15.1,0.650385604113111
"620",0,0,0,0,0,0,0,0,0,0,1,0,0,1,0,0,0,0,0,2024,63.5,10.9,0.411311053984576
"621",0,0,0,0,0,0,0,0,0,0,1,0,0,0,0,0,0,1,0,2024,63,9,0.467866323907455
"622",0,0,0,0,0,0,0,0,0,0,1,0,0,0,0,0,0,0,1,2024,63.3,12.3,0.57840616966581
"623",0,0,0,0,0,0,0,0,0,0,1,0,0,0,0,0,1,0,0,2024,69.5,14,0.67866323907455
"624",0,0,0,0,0,0,0,0,0,0,1,0,1,0,0,0,0,0,0,2024,67.4,17.7,0.598971722365039
"625",0,0,0,0,0,0,0,0,0,0,1,0,0,0,1,0,0,0,0,2024,61.9,19,0.372750642673522
"626",0,0,0,0,0,0,0,0,0,0,1,0,0,0,0,1,0,0,0,2024,52.6,23.5,0.339331619537275
"627",0,0,0,0,0,0,0,0,0,0,1,0,0,1,0,0,0,0,0,2024,49.2,24.4,0.290488431876607
"628",0,0,0,0,0,0,0,0,0,0,1,0,0,0,0,0,0,1,0,2024,49.3,17.3,0.431876606683805
"629",0,0,0,0,0,0,0,0,0,0,1,0,0,0,0,0,0,0,1,2024,55.3,10.3,0.488431876606684
"630",0,0,0,0,0,0,0,0,0,0,1,0,0,0,0,0,1,0,0,2024,59,15.6,0.467866323907455
"631",0,0,0,0,0,0,0,0,0,0,1,0,1,0,0,0,0,0,0,2024,62.2,11.3,0.552699228791774
"632",0,0,0,0,0,0,0,0,0,0,1,0,0,0,1,0,0,0,0,2024,67.7,15.9,0.719794344473008
"633",0,0,0,0,0,0,0,0,0,0,1,0,0,0,0,1,0,0,0,2024,70.9,16.7,0.588688946015424
"634",0,0,0,0,0,0,0,0,0,0,1,0,0,1,0,0,0,0,0,2024,68.4,19.5,0.583547557840617
"635",0,0,0,0,0,0,0,0,0,0,1,0,0,0,0,0,0,1,0,2024,65.1,18.6,0.411311053984576
"636",0,0,0,0,0,0,0,0,0,0,1,0,0,0,0,0,0,0,1,2024,59.1,9.8,0.42159383033419
"637",0,0,0,0,0,0,0,0,0,0,1,0,0,0,0,0,1,0,0,2024,59.5,14.7,0.591259640102828
"638",0,0,0,0,0,0,0,0,0,0,1,0,1,0,0,0,0,0,0,2024,55.3,16.5,0.67866323907455
"639",0,0,0,0,0,0,0,0,0,0,1,0,0,0,1,0,0,0,0,2024,54.1,7.4,0.544987146529563
"640",0,0,0,0,0,0,0,0,0,0,1,0,0,0,0,1,0,0,0,2024,57.6,16,0.562982005141388
"641",0,0,0,0,0,0,0,0,0,0,1,0,0,1,0,0,0,0,0,2024,71.7,29.6,0.655526992287918
"642",0,0,0,0,0,0,0,0,0,0,1,0,0,0,0,0,0,1,0,2024,74,33,0.758354755784062
"643",0,0,0,0,0,0,0,0,0,0,1,0,0,0,0,0,0,0,1,2024,67.7,30.1,0.686375321336761
"644",0,0,0,0,0,0,0,0,0,1,0,0,0,0,0,0,1,0,0,2024,47.5,18.4,1
"645",0,0,0,0,0,0,0,0,0,1,0,0,1,0,0,0,0,0,0,2024,52.1,10.9,0.424164524421594
"646",0,0,0,0,0,0,0,0,0,1,0,0,0,0,1,0,0,0,0,2024,58.1,22.6,0.467866323907455
"647",0,0,0,0,0,0,0,0,0,1,0,0,0,0,0,1,0,0,0,2024,66.2,19.6,0.444730077120823
"648",0,0,0,0,0,0,0,0,0,1,0,0,0,1,0,0,0,0,0,2024,66.2,26.4,0.161953727506427
"649",0,0,0,0,0,0,0,0,0,1,0,0,0,0,0,0,0,1,0,2024,59.1,13.2,0.429305912596401
"650",0,0,0,0,0,0,0,0,0,1,0,0,0,0,0,0,0,0,1,2024,53.5,10.2,0.532133676092545
"651",0,0,0,0,0,0,0,0,0,1,0,0,0,0,0,0,1,0,0,2024,55.3,12.7,0.583547557840617
"652",0,0,0,0,0,0,0,0,0,1,0,0,1,0,0,0,0,0,0,2024,55.3,21.4,0.529562982005141
"653",0,0,0,0,0,0,0,0,0,1,0,0,0,0,1,0,0,0,0,2024,56.8,19.7,0.354755784061697
"654",0,0,0,0,0,0,0,0,0,1,0,0,0,0,0,1,0,0,0,2024,55.9,20.8,0.406169665809769
"655",0,0,0,0,0,0,0,0,0,1,0,0,0,1,0,0,0,0,0,2024,48.9,18.7,0.560411311053985
"656",0,0,0,0,0,0,0,0,0,1,0,0,0,0,0,0,0,1,0,2024,49.8,23.4,0.370179948586118
"657",0,0,0,0,0,0,0,0,0,1,0,0,0,0,0,0,0,0,1,2024,54.3,16.2,0.634961439588689
"658",0,0,0,0,0,0,0,0,0,1,0,0,0,0,0,0,1,0,0,2024,52.5,11.7,0.526992287917738
"659",0,0,0,0,0,0,0,0,0,1,0,0,1,0,0,0,0,0,0,2024,53.2,12.4,0.488431876606684
"660",0,0,0,0,0,0,0,0,0,1,0,0,0,0,1,0,0,0,0,2024,53.4,19,0.313624678663239
"661",0,0,0,0,0,0,0,0,0,1,0,0,0,0,0,0,1,0,0,2024,46.1,24,0.380462724935733
"662",0,0,0,0,0,0,0,0,0,1,0,0,1,0,0,0,0,0,0,2024,44.4,13.7,0.365038560411311
"663",0,0,0,0,0,0,0,0,0,1,0,0,0,0,1,0,0,0,0,2024,44.1,14.1,0.334190231362468
"664",0,0,0,0,0,0,0,0,0,1,0,0,0,0,0,1,0,0,0,2024,53.1,11.8,0.401028277634961
"665",0,0,0,0,0,0,0,0,0,1,0,0,0,1,0,0,0,0,0,2024,37.7,19.8,0.395886889460154
"666",0,0,0,0,0,0,0,0,0,1,0,0,0,0,0,0,0,1,0,2024,42.2,7.7,0.32133676092545
"667",0,0,0,0,0,0,0,0,0,1,0,0,0,0,0,0,1,0,0,2024,27.9,23.4,0.118251928020566
"668",0,0,0,0,0,0,0,0,0,1,0,0,1,0,0,0,0,0,0,2024,22,19.8,0.089974293059126
"669",0,0,1,0,0,0,0,0,0,0,0,0,0,0,0,1,0,0,0,2024,24.1,12,0.388174807197943
"670",0,0,1,0,0,0,0,0,0,0,0,0,0,1,0,0,0,0,0,2024,27.1,17.1,0.429305912596401
"671",0,0,1,0,0,0,0,0,0,0,0,0,0,0,0,0,0,1,0,2024,32.2,27.4,0.313624678663239
"672",0,0,1,0,0,0,0,0,0,0,0,0,0,0,0,0,0,0,1,2024,23.3,29.3,0.349614395886889
"673",0,0,1,0,0,0,0,0,0,0,0,0,0,0,0,0,1,0,0,2024,27.2,15.8,0.341902313624679
"674",0,0,1,0,0,0,0,0,0,0,0,0,1,0,0,0,0,0,0,2024,36.8,20.5,0.55012853470437
"675",0,0,1,0,0,0,0,0,0,0,0,0,0,0,1,0,0,0,0,2024,48.9,21.7,0.473007712082262
"676",0,0,1,0,0,0,0,0,0,0,0,0,0,0,0,1,0,0,0,2024,51.1,18.3,0.501285347043702
"677",0,0,1,0,0,0,0,0,0,0,0,0,0,1,0,0,0,0,0,2024,41.7,13.9,0.519280205655527
"678",0,0,1,0,0,0,0,0,0,0,0,0,0,0,0,0,0,1,0,2024,32.1,17.3,0.375321336760925
"679",0,0,1,0,0,0,0,0,0,0,0,0,0,0,0,0,0,0,1,2024,14.4,22.9,0.10025706940874
"680",0,0,1,0,0,0,0,0,0,0,0,0,0,0,0,0,1,0,0,2024,20.3,10.1,0.287917737789203
"681",0,0,1,0,0,0,0,0,0,0,0,0,1,0,0,0,0,0,0,2024,33.5,20.7,0.388174807197943
"682",0,0,1,0,0,0,0,0,0,0,0,0,0,0,1,0,0,0,0,2024,42.1,13.9,0.305912596401028
"683",0,0,1,0,0,0,0,0,0,0,0,0,0,0,0,1,0,0,0,2024,47,15.2,0.311053984575835
"684",0,0,1,0,0,0,0,0,0,0,0,0,0,1,0,0,0,0,0,2024,40.2,19.1,0.254498714652956
"685",0,0,1,0,0,0,0,0,0,0,0,0,0,0,0,0,0,1,0,2024,36,11.6,0.375321336760925
"686",0,0,1,0,0,0,0,0,0,0,0,0,0,0,0,0,0,0,1,2024,30.9,12.1,0.203084832904884
"687",0,0,1,0,0,0,0,0,0,0,0,0,0,0,0,0,1,0,0,2024,35.4,21.4,0.370179948586118
"688",0,0,1,0,0,0,0,0,0,0,0,0,1,0,0,0,0,0,0,2024,27.3,18,0.25706940874036
"689",0,0,1,0,0,0,0,0,0,0,0,0,0,0,1,0,0,0,0,2024,28.9,13.1,0.282776349614396
"690",0,0,1,0,0,0,0,0,0,0,0,0,0,0,0,1,0,0,0,2024,37.6,24.6,0.455012853470437
"691",0,0,1,0,0,0,0,0,0,0,0,0,0,1,0,0,0,0,0,2024,38.6,13.5,0.151670951156812
"692",0,0,1,0,0,0,0,0,0,0,0,0,0,0,0,0,0,1,0,2024,37.6,7.7,0
"693",0,0,1,0,0,0,0,0,0,0,0,0,0,0,0,0,0,0,1,2024,40.9,7.7,0.10025706940874
"694",0,0,1,0,0,0,0,0,0,0,0,0,0,0,0,0,1,0,0,2024,45,13.9,0.151670951156812
"695",0,0,1,0,0,0,0,0,0,0,0,0,1,0,0,0,0,0,0,2024,51,20.8,0.401028277634961
"696",0,0,1,0,0,0,0,0,0,0,0,0,0,0,1,0,0,0,0,2024,45.1,13,0.352185089974293
"697",0,0,1,0,0,0,0,0,0,0,0,0,0,0,0,1,0,0,0,2024,39.8,12.8,0.349614395886889
"698",0,0,1,0,0,0,0,0,0,0,0,0,0,1,0,0,0,0,0,2024,41.4,19,0.233933161953728
