crime_day,year,mo,da,crime_date,temp,dewp,slp,visib,wdsp,mxpsd,gust,max,min,prcp,sndp,fog,NUM_CRIMES
3,2014,01,01,2014-01-01,19.0,9999.9,9999.9,999.9,16.2,22.9,999.9,22.8,13.3,0.0,999.9,0,1241
4,2014,01,02,2014-01-02,19.7,9999.9,9999.9,999.9,22.5,27.0,999.9,21.2,15.8,0.0,999.9,0,485
5,2014,01,03,2014-01-03,10.3,9999.9,9999.9,999.9,16.9,35.0,999.9,17.1,6.3,0.0,999.9,0,563
6,2014,01,04,2014-01-04,24.2,9999.9,9999.9,999.9,30.5,42.9,999.9,31.5,17.8,0.0,999.9,0,577
7,2014,01,05,2014-01-05,25.0,9999.9,9999.9,999.9,23.7,35.9,999.9,29.8,14.7,0.0,999.9,0,405
1,2014,01,06,2014-01-06,-6.1,9999.9,9999.9,999.9,26.6,29.9,999.9,12.4,-14.8,0.0,999.9,0,367
2,2014,01,07,2014-01-07,-6.3,9999.9,9999.9,999.9,20.3,26.0,999.9,4.3,-11.2,0.0,999.9,0,468
3,2014,01,08,2014-01-08,9.7,9999.9,9999.9,999.9,9.6,18.1,999.9,15.1,4.5,0.0,999.9,0,599
4,2014,01,09,2014-01-09,15.3,9999.9,9999.9,999.9,9.0,18.1,999.9,21.7,10.0,0.0,999.9,0,614
5,2014,01,10,2014-01-10,29.8,9999.9,9999.9,999.9,14.3,17.1,999.9,35.2,22.8,0.0,999.9,0,635
6,2014,01,11,2014-01-11,37.4,9999.9,9999.9,999.9,19.5,27.0,999.9,41.5,33.6,0.0,999.9,0,654
7,2014,01,12,2014-01-12,32.3,9999.9,9999.9,999.9,19.4,32.1,999.9,40.3,28.4,0.0,999.9,0,688
1,2014,01,13,2014-01-13,42.8,9999.9,9999.9,999.9,21.6,34.0,999.9,46.0,40.5,0.0,999.9,0,761
2,2014,01,14,2014-01-14,31.8,9999.9,9999.9,999.9,18.3,34.0,999.9,38.8,28.8,0.0,999.9,0,688
3,2014,01,15,2014-01-15,20.4,9999.9,9999.9,999.9,18.3,29.9,999.9,27.9,16.5,0.0,999.9,0,747
4,2014,01,16,2014-01-16,24.5,9999.9,9999.9,999.9,23.3,32.1,999.9,33.8,17.4,0.0,999.9,0,689
5,2014,01,17,2014-01-17,18.3,9999.9,9999.9,999.9,17.6,28.0,999.9,32.7,12.7,0.0,999.9,0,748
6,2014,01,18,2014-01-18,16.1,9999.9,9999.9,999.9,15.3,20.0,999.9,20.3,12.4,0.0,999.9,0,663
7,2014,01,19,2014-01-19,22.4,9999.9,9999.9,999.9,16.4,28.9,999.9,33.1,15.3,0.0,999.9,0,648
1,2014,01,20,2014-01-20,32.6,9999.9,9999.9,999.9,14.2,28.0,999.9,40.1,26.8,0.0,999.9,0,696
2,2014,01,21,2014-01-21,15.0,9999.9,9999.9,999.9,24.6,32.1,999.9,25.2,7.5,0.0,999.9,0,590
3,2014,01,22,2014-01-22,7.9,9999.9,9999.9,999.9,13.3,22.0,999.9,14.4,4.3,0.0,999.9,0,625
4,2014,01,23,2014-01-23,5.0,9999.9,9999.9,999.9,21.9,27.0,999.9,13.3,-0.2,0.0,999.9,0,626
5,2014,01,24,2014-01-24,6.5,9999.9,9999.9,999.9,26.8,42.9,999.9,21.9,-2.7,0.0,999.9,0,689
6,2014,01,25,2014-01-25,22.9,9999.9,9999.9,999.9,25.2,36.9,999.9,32.2,14.0,0.0,999.9,0,678
7,2014,01,26,2014-01-26,15.5,9999.9,9999.9,999.9,19.7,28.9,999.9,30.6,8.2,0.0,999.9,0,596
1,2014,01,27,2014-01-27,6.3,9999.9,9999.9,999.9,24.5,33.0,999.9,30.6,-2.6,0.0,999.9,0,546
2,2014,01,28,2014-01-28,-3.6,9999.9,9999.9,999.9,15.6,22.0,999.9,4.1,-8.3,0.0,999.9,0,595
3,2014,01,29,2014-01-29,9.9,9999.9,9999.9,999.9,17.9,21.0,999.9,22.1,3.9,0.0,999.9,0,728
4,2014,01,30,2014-01-30,24.7,9999.9,9999.9,999.9,31.7,40.0,999.9,31.3,21.6,0.0,999.9,0,752
5,2014,01,31,2014-01-31,24.8,9999.9,9999.9,999.9,11.0,27.0,999.9,33.1,18.5,0.0,999.9,0,744
6,2014,02,01,2014-02-01,26.4,9999.9,9999.9,999.9,8.8,19.0,999.9,29.1,23.5,0.0,999.9,0,793
7,2014,02,02,2014-02-02,20.4,9999.9,9999.9,999.9,11.8,19.0,999.9,26.2,14.9,0.0,999.9,0,583
1,2014,02,03,2014-02-03,15.5,9999.9,9999.9,999.9,6.3,9.9,999.9,22.8,10.6,0.0,999.9,0,677
2,2014,02,04,2014-02-04,19.2,9999.9,9999.9,999.9,6.8,9.9,999.9,23.9,15.8,0.0,999.9,0,646
3,2014,02,05,2014-02-05,22.8,9999.9,9999.9,999.9,22.2,29.9,999.9,24.3,19.4,0.0,999.9,0,561
4,2014,02,06,2014-02-06,9.6,9999.9,9999.9,999.9,13.2,19.0,999.9,19.0,2.5,0.0,999.9,0,611
5,2014,02,07,2014-02-07,4.9,9999.9,9999.9,999.9,16.3,26.0,999.9,12.6,1.2,0.0,999.9,0,693
6,2014,02,08,2014-02-08,11.7,9999.9,9999.9,999.9,11.1,18.1,999.9,14.7,9.5,0.0,999.9,0,604
7,2014,02,09,2014-02-09,15.6,9999.9,9999.9,999.9,10.9,18.1,999.9,18.7,12.2,0.0,999.9,0,649
1,2014,02,10,2014-02-10,9.0,9999.9,9999.9,999.9,12.9,18.1,999.9,16.2,2.1,0.0,999.9,0,620
2,2014,02,11,2014-02-11,8.3,9999.9,9999.9,999.9,10.5,15.9,999.9,14.2,4.6,0.0,999.9,0,596
3,2014,02,12,2014-02-12,15.5,9999.9,9999.9,999.9,11.1,14.0,999.9,23.7,9.3,0.0,999.9,0,607
4,2014,02,13,2014-02-13,22.9,9999.9,9999.9,999.9,14.0,22.0,999.9,29.1,19.4,0.0,999.9,0,644
5,2014,02,14,2014-02-14,20.8,9999.9,9999.9,999.9,14.9,31.1,999.9,30.6,15.1,0.0,999.9,0,697
6,2014,02,15,2014-02-15,18.1,9999.9,9999.9,999.9,12.2,19.0,999.9,23.5,12.2,0.0,999.9,0,639
7,2014,02,16,2014-02-16,19.6,9999.9,9999.9,999.9,14.3,19.0,999.9,24.4,16.0,0.0,999.9,0,585
1,2014,02,17,2014-02-17,22.9,9999.9,9999.9,999.9,18.5,29.9,999.9,24.3,21.0,0.0,999.9,0,598
2,2014,02,18,2014-02-18,31.0,9999.9,9999.9,999.9,17.7,34.0,999.9,44.4,22.8,0.0,999.9,0,633
3,2014,02,19,2014-02-19,39.8,9999.9,9999.9,999.9,15.6,31.1,999.9,45.3,34.3,0.0,999.9,0,710
4,2014,02,20,2014-02-20,34.8,9999.9,9999.9,999.9,13.1,25.1,999.9,40.3,32.9,0.0,999.9,0,649
5,2014,02,21,2014-02-21,34.5,9999.9,9999.9,999.9,30.1,40.0,999.9,52.7,27.1,0.0,999.9,0,718
6,2014,02,22,2014-02-22,29.6,9999.9,9999.9,999.9,19.7,25.1,999.9,35.1,23.9,0.0,999.9,0,648
7,2014,02,23,2014-02-23,23.8,9999.9,9999.9,999.9,14.1,22.0,999.9,32.5,17.1,0.0,999.9,0,632
1,2014,02,24,2014-02-24,18.6,9999.9,9999.9,999.9,17.8,22.0,999.9,24.8,13.8,0.0,999.9,0,636
2,2014,02,25,2014-02-25,18.6,9999.9,9999.9,999.9,14.9,22.9,999.9,21.9,15.3,0.0,999.9,0,650
3,2014,02,26,2014-02-26,8.1,9999.9,9999.9,999.9,19.6,25.1,999.9,15.6,1.9,0.0,999.9,0,662
4,2014,02,27,2014-02-27,10.9,9999.9,9999.9,999.9,21.1,32.1,999.9,18.9,4.1,0.0,999.9,0,613
5,2014,02,28,2014-02-28,12.7,9999.9,9999.9,999.9,13.1,22.0,999.9,26.6,8.2,0.0,999.9,0,701
6,2014,03,01,2014-03-01,24.5,9999.9,9999.9,999.9,14.5,22.9,999.9,32.4,15.6,0.0,999.9,0,737
7,2014,03,02,2014-03-02,10.7,9999.9,9999.9,999.9,18.3,20.0,999.9,15.4,8.6,0.0,999.9,0,551
1,2014,03,03,2014-03-03,8.2,9999.9,9999.9,999.9,12.2,19.0,999.9,13.5,3.2,0.0,999.9,0,593
2,2014,03,04,2014-03-04,15.5,9999.9,9999.9,999.9,8.3,12.0,999.9,25.3,9.5,0.0,999.9,0,628
3,2014,03,05,2014-03-05,20.2,9999.9,9999.9,999.9,11.6,15.9,999.9,21.7,18.9,0.0,999.9,0,637
4,2014,03,06,2014-03-06,18.6,9999.9,9999.9,999.9,10.6,18.1,999.9,22.8,14.0,0.0,999.9,0,662
5,2014,03,07,2014-03-07,27.9,9999.9,9999.9,999.9,12.1,17.1,999.9,44.6,18.0,0.0,999.9,0,758
6,2014,03,08,2014-03-08,31.9,9999.9,9999.9,999.9,16.5,22.9,999.9,44.1,24.4,0.0,999.9,0,684
7,2014,03,09,2014-03-09,27.8,9999.9,9999.9,999.9,10.1,22.0,999.9,39.0,23.4,0.0,999.9,0,622
1,2014,03,10,2014-03-10,45.5,9999.9,9999.9,999.9,23.8,34.0,999.9,52.9,38.7,0.0,999.9,0,815
2,2014,03,11,2014-03-11,43.4,9999.9,9999.9,999.9,11.4,22.9,999.9,50.7,34.7,0.0,999.9,0,699
3,2014,03,12,2014-03-12,28.1,9999.9,9999.9,999.9,26.2,35.0,999.9,35.1,20.8,0.0,999.9,0,660
4,2014,03,13,2014-03-13,23.2,9999.9,9999.9,999.9,15.8,26.0,999.9,33.1,19.4,0.0,999.9,0,717
5,2014,03,14,2014-03-14,42.4,9999.9,9999.9,999.9,26.9,33.0,999.9,50.9,33.4,0.0,999.9,0,827
6,2014,03,15,2014-03-15,35.5,9999.9,9999.9,999.9,15.8,28.9,999.9,43.7,29.7,0.0,999.9,0,845
7,2014,03,16,2014-03-16,22.5,9999.9,9999.9,999.9,23.1,29.9,999.9,29.1,16.3,0.0,999.9,0,638
1,2014,03,17,2014-03-17,22.7,9999.9,9999.9,999.9,14.3,21.0,999.9,30.9,19.4,0.0,999.9,0,704
2,2014,03,18,2014-03-18,33.6,9999.9,9999.9,999.9,13.9,18.1,999.9,39.0,30.2,0.0,999.9,0,818
3,2014,03,19,2014-03-19,40.8,9999.9,9999.9,999.9,14.9,22.0,999.9,45.1,36.5,0.0,999.9,0,762
4,2014,03,20,2014-03-20,34.7,9999.9,9999.9,999.9,13.4,24.1,999.9,37.8,31.5,0.0,999.9,0,783
5,2014,03,21,2014-03-21,34.9,9999.9,9999.9,999.9,10.7,15.9,999.9,55.9,32.0,0.0,999.9,0,802
6,2014,03,22,2014-03-22,40.8,9999.9,9999.9,999.9,15.8,25.1,999.9,56.7,31.6,0.0,999.9,0,739
7,2014,03,23,2014-03-23,25.0,9999.9,9999.9,999.9,15.3,22.0,999.9,35.2,20.7,0.0,999.9,0,649
1,2014,03,24,2014-03-24,24.2,9999.9,9999.9,999.9,7.6,13.0,999.9,30.0,22.6,0.0,999.9,0,698
2,2014,03,25,2014-03-25,27.1,9999.9,9999.9,999.9,16.0,21.0,999.9,32.4,23.4,0.0,999.9,0,702
3,2014,03,26,2014-03-26,25.2,9999.9,9999.9,999.9,11.3,19.0,999.9,35.8,20.7,0.0,999.9,0,725
4,2014,03,27,2014-03-27,38.2,9999.9,9999.9,999.9,26.2,32.1,999.9,44.6,35.1,0.0,999.9,0,719
5,2014,03,28,2014-03-28,41.8,9999.9,9999.9,999.9,20.7,35.9,999.9,53.4,33.6,0.0,999.9,0,786
6,2014,03,29,2014-03-29,32.4,9999.9,9999.9,999.9,15.2,20.0,999.9,33.4,31.8,0.0,999.9,0,771
7,2014,03,30,2014-03-30,35.2,9999.9,9999.9,999.9,9.2,18.1,999.9,46.4,32.0,0.0,999.9,0,737
1,2014,03,31,2014-03-31,48.7,9999.9,9999.9,999.9,18.6,26.0,999.9,55.0,42.3,0.0,999.9,0,737
2,2014,04,01,2014-04-01,44.7,9999.9,9999.9,999.9,25.1,32.1,999.9,54.7,32.5,0.0,999.9,0,928
3,2014,04,02,2014-04-02,38.3,9999.9,9999.9,999.9,14.2,20.0,999.9,46.2,32.9,0.0,999.9,0,725
4,2014,04,03,2014-04-03,35.5,9999.9,9999.9,999.9,17.2,22.9,999.9,39.0,32.9,0.0,999.9,0,716
5,2014,04,04,2014-04-04,38.5,9999.9,9999.9,999.9,19.0,32.1,999.9,46.2,34.9,0.0,999.9,0,811
6,2014,04,05,2014-04-05,36.0,9999.9,9999.9,999.9,14.0,25.1,999.9,38.5,34.7,0.0,999.9,0,752
7,2014,04,06,2014-04-06,41.2,9999.9,9999.9,999.9,12.0,15.9,999.9,46.9,36.7,0.0,999.9,0,709
1,2014,04,07,2014-04-07,39.3,9999.9,9999.9,999.9,7.9,15.0,999.9,47.1,36.9,0.0,999.9,0,762
2,2014,04,08,2014-04-08,44.0,9999.9,9999.9,999.9,8.2,15.0,999.9,48.6,38.5,0.0,999.9,0,750
3,2014,04,09,2014-04-09,43.8,9999.9,9999.9,999.9,6.2,18.1,999.9,58.8,38.3,0.0,999.9,0,776
4,2014,04,10,2014-04-10,55.8,9999.9,9999.9,999.9,21.2,32.1,999.9,61.9,50.9,0.0,999.9,0,810
5,2014,04,11,2014-04-11,50.3,9999.9,9999.9,999.9,7.0,17.1,999.9,65.1,41.7,0.0,999.9,0,787
6,2014,04,12,2014-04-12,61.7,9999.9,9999.9,999.9,17.6,35.9,999.9,72.9,52.2,0.0,999.9,0,872
7,2014,04,13,2014-04-13,65.7,9999.9,9999.9,999.9,22.8,27.0,999.9,70.7,62.6,0.0,999.9,0,680
1,2014,04,14,2014-04-14,41.6,9999.9,9999.9,999.9,24.0,35.9,999.9,62.2,34.0,0.0,999.9,0,689
2,2014,04,15,2014-04-15,29.1,9999.9,9999.9,999.9,16.5,22.9,999.9,31.8,27.0,0.0,999.9,0,751
3,2014,04,16,2014-04-16,37.3,9999.9,9999.9,999.9,15.8,22.0,999.9,46.6,30.7,0.0,999.9,0,772
4,2014,04,17,2014-04-17,47.8,9999.9,9999.9,999.9,18.8,26.0,999.9,58.6,41.9,0.0,999.9,0,836
5,2014,04,18,2014-04-18,42.7,9999.9,9999.9,999.9,11.6,15.9,999.9,58.6,36.5,0.0,999.9,0,787
6,2014,04,19,2014-04-19,39.0,9999.9,9999.9,999.9,10.8,18.1,999.9,44.1,36.3,0.0,999.9,0,756
7,2014,04,20,2014-04-20,51.7,9999.9,9999.9,999.9,13.0,19.0,999.9,68.2,44.4,0.0,999.9,0,690
1,2014,04,21,2014-04-21,63.3,9999.9,9999.9,999.9,13.6,20.0,999.9,71.2,53.1,0.0,999.9,0,731
2,2014,04,22,2014-04-22,48.6,9999.9,9999.9,999.9,14.0,25.1,999.9,62.2,40.1,0.0,999.9,0,737
3,2014,04,23,2014-04-23,37.8,9999.9,9999.9,999.9,11.4,19.0,999.9,40.8,36.1,0.0,999.9,0,738
4,2014,04,24,2014-04-24,43.7,9999.9,9999.9,999.9,13.6,27.0,999.9,53.6,37.2,0.0,999.9,0,769
5,2014,04,25,2014-04-25,50.9,9999.9,9999.9,999.9,12.6,22.9,999.9,65.8,43.0,0.0,999.9,0,848
6,2014,04,26,2014-04-26,49.2,9999.9,9999.9,999.9,14.3,20.0,999.9,66.6,36.7,0.0,999.9,0,779
7,2014,04,27,2014-04-27,41.8,9999.9,9999.9,999.9,18.6,24.1,999.9,49.1,37.0,0.0,999.9,0,673
1,2014,04,28,2014-04-28,45.9,9999.9,9999.9,999.9,15.1,32.1,999.9,49.6,42.4,0.0,999.9,0,725
2,2014,04,29,2014-04-29,48.1,9999.9,9999.9,999.9,9.6,20.0,999.9,60.1,45.0,0.0,999.9,0,788
3,2014,04,30,2014-04-30,51.2,9999.9,9999.9,999.9,12.0,20.0,999.9,59.2,47.1,0.0,999.9,0,799
4,2014,05,01,2014-05-01,45.8,9999.9,9999.9,999.9,17.5,22.0,999.9,47.5,43.5,0.0,999.9,0,886
5,2014,05,02,2014-05-02,48.0,9999.9,9999.9,999.9,14.3,19.0,999.9,51.3,46.4,0.0,999.9,0,865
6,2014,05,03,2014-05-03,54.0,9999.9,9999.9,999.9,19.8,26.0,999.9,63.5,48.2,0.0,999.9,0,746
7,2014,05,04,2014-05-04,52.5,9999.9,9999.9,999.9,13.5,20.0,999.9,64.0,43.5,0.0,999.9,0,721
1,2014,05,05,2014-05-05,43.5,9999.9,9999.9,999.9,16.0,22.9,999.9,45.1,41.7,0.0,999.9,0,846
2,2014,05,06,2014-05-06,43.8,9999.9,9999.9,999.9,15.7,22.9,999.9,47.5,40.6,0.0,999.9,0,826
3,2014,05,07,2014-05-07,51.0,9999.9,9999.9,999.9,14.8,21.0,999.9,62.4,44.2,0.0,999.9,0,770
4,2014,05,08,2014-05-08,65.8,9999.9,9999.9,999.9,13.3,31.1,999.9,84.9,48.6,0.0,999.9,0,768
5,2014,05,09,2014-05-09,69.0,9999.9,9999.9,999.9,22.1,28.0,999.9,81.3,60.4,0.0,999.9,0,864
6,2014,05,10,2014-05-10,60.4,9999.9,9999.9,999.9,9.9,22.9,999.9,67.8,55.4,0.0,999.9,0,817
7,2014,05,11,2014-05-11,62.0,9999.9,9999.9,999.9,11.7,19.0,999.9,73.6,51.4,0.0,999.9,0,744
1,2014,05,12,2014-05-12,67.2,9999.9,9999.9,999.9,16.6,24.1,999.9,78.1,57.6,0.0,999.9,0,813
2,2014,05,13,2014-05-13,64.0,9999.9,9999.9,999.9,15.9,24.1,999.9,75.6,55.4,0.0,999.9,0,813
3,2014,05,14,2014-05-14,50.8,9999.9,9999.9,999.9,13.0,18.1,999.9,55.0,45.9,0.0,999.9,0,791
4,2014,05,15,2014-05-15,43.3,9999.9,9999.9,999.9,22.2,35.0,999.9,46.2,40.3,0.0,999.9,0,753
5,2014,05,16,2014-05-16,39.2,9999.9,9999.9,999.9,10.6,15.0,999.9,43.9,36.5,0.0,999.9,0,843
6,2014,05,17,2014-05-17,46.0,9999.9,9999.9,999.9,8.7,15.9,999.9,52.0,40.3,0.0,999.9,0,805
7,2014,05,18,2014-05-18,56.8,9999.9,9999.9,999.9,13.3,18.1,999.9,65.3,52.2,0.0,999.9,0,859
1,2014,05,19,2014-05-19,58.3,9999.9,9999.9,999.9,14.3,19.0,999.9,63.7,53.4,0.0,999.9,0,787
2,2014,05,20,2014-05-20,66.3,9999.9,9999.9,999.9,16.3,24.1,999.9,81.7,55.9,0.0,999.9,0,765
3,2014,05,21,2014-05-21,63.0,9999.9,9999.9,999.9,9.1,26.0,999.9,80.8,50.2,0.0,999.9,0,834
4,2014,05,22,2014-05-22,56.2,9999.9,9999.9,999.9,8.9,18.1,999.9,75.0,50.5,0.0,999.9,0,789
5,2014,05,23,2014-05-23,51.0,9999.9,9999.9,999.9,5.1,8.9,999.9,58.5,47.5,0.0,999.9,0,807
6,2014,05,24,2014-05-24,51.4,9999.9,9999.9,999.9,5.3,9.9,999.9,53.6,49.1,0.0,999.9,0,759
7,2014,05,25,2014-05-25,56.9,9999.9,9999.9,999.9,4.5,15.0,999.9,70.0,52.2,0.0,999.9,0,825
1,2014,05,26,2014-05-26,69.0,9999.9,9999.9,999.9,11.0,20.0,999.9,76.5,58.6,0.0,999.9,0,779
2,2014,05,27,2014-05-27,72.0,9999.9,9999.9,999.9,10.7,15.9,999.9,80.8,66.9,0.0,999.9,0,765
3,2014,05,28,2014-05-28,53.6,9999.9,9999.9,999.9,11.4,22.0,999.9,67.1,48.0,0.0,999.9,0,801
4,2014,05,29,2014-05-29,51.4,9999.9,9999.9,999.9,11.5,18.1,999.9,53.2,49.5,0.0,999.9,0,777
5,2014,05,30,2014-05-30,53.2,9999.9,9999.9,999.9,7.2,13.0,999.9,55.0,51.1,0.0,999.9,0,828
6,2014,05,31,2014-05-31,57.8,9999.9,9999.9,999.9,6.9,18.1,999.9,71.1,54.0,0.0,999.9,0,849
7,2014,06,01,2014-06-01,67.7,9999.9,9999.9,999.9,12.8,22.0,999.9,82.8,59.0,0.0,999.9,0,1040
1,2014,06,02,2014-06-02,73.6,9999.9,9999.9,999.9,23.0,33.0,999.9,79.9,69.3,0.0,999.9,0,877
2,2014,06,03,2014-06-03,71.2,9999.9,9999.9,999.9,14.4,22.9,999.9,79.2,62.1,0.0,999.9,0,899
3,2014,06,04,2014-06-04,60.3,9999.9,9999.9,999.9,10.8,19.0,999.9,65.5,54.0,0.0,999.9,0,776
4,2014,06,05,2014-06-05,55.3,9999.9,9999.9,999.9,8.0,14.0,999.9,58.3,53.6,0.0,999.9,0,802
5,2014,06,06,2014-06-06,59.2,9999.9,9999.9,999.9,3.9,9.9,999.9,65.3,56.5,0.0,999.9,0,859
6,2014,06,07,2014-06-07,66.1,9999.9,9999.9,999.9,8.6,15.9,999.9,73.2,62.2,0.0,999.9,0,870
7,2014,06,08,2014-06-08,56.3,9999.9,9999.9,999.9,21.4,28.0,999.9,66.0,50.7,0.0,999.9,0,773
1,2014,06,09,2014-06-09,53.6,9999.9,9999.9,999.9,11.3,18.1,999.9,57.9,51.3,0.0,999.9,0,824
2,2014,06,10,2014-06-10,53.8,9999.9,9999.9,999.9,11.1,17.1,999.9,58.1,51.8,0.0,999.9,0,674
3,2014,06,11,2014-06-11,55.8,9999.9,9999.9,999.9,14.5,25.1,999.9,59.5,53.2,0.0,999.9,0,775
4,2014,06,12,2014-06-12,58.5,9999.9,9999.9,999.9,7.0,19.0,999.9,74.5,52.0,0.0,999.9,0,822
5,2014,06,13,2014-06-13,61.6,9999.9,9999.9,999.9,12.6,20.0,999.9,73.6,55.9,0.0,999.9,0,936
6,2014,06,14,2014-06-14,62.8,9999.9,9999.9,999.9,11.5,15.0,999.9,68.4,57.6,0.0,999.9,0,844
7,2014,06,15,2014-06-15,67.5,9999.9,9999.9,999.9,18.8,32.1,999.9,79.3,62.8,0.0,999.9,0,884
1,2014,06,16,2014-06-16,75.2,9999.9,9999.9,999.9,12.4,24.1,999.9,81.9,67.8,0.0,999.9,0,873
2,2014,06,17,2014-06-17,75.1,9999.9,9999.9,999.9,18.5,35.0,999.9,82.4,66.9,0.0,999.9,0,889
3,2014,06,18,2014-06-18,70.7,9999.9,9999.9,999.9,11.7,22.9,999.9,81.1,61.5,0.0,999.9,0,772
4,2014,06,19,2014-06-19,58.2,9999.9,9999.9,999.9,9.5,21.0,999.9,66.0,54.5,0.0,999.9,0,824
5,2014,06,20,2014-06-20,68.0,9999.9,9999.9,999.9,8.7,15.9,999.9,78.6,61.0,0.0,999.9,0,889
6,2014,06,21,2014-06-21,60.5,9999.9,9999.9,999.9,8.4,17.1,999.9,68.2,57.4,0.0,999.9,0,865
7,2014,06,22,2014-06-22,61.6,9999.9,9999.9,999.9,5.4,13.0,999.9,67.3,57.6,0.0,999.9,0,867
1,2014,06,23,2014-06-23,63.4,9999.9,9999.9,999.9,6.1,14.0,999.9,71.6,57.9,0.0,999.9,0,830
2,2014,06,24,2014-06-24,67.9,9999.9,9999.9,999.9,6.2,11.1,999.9,73.8,64.2,0.0,999.9,0,862
3,2014,06,25,2014-06-25,61.3,9999.9,9999.9,999.9,8.8,19.0,999.9,72.1,56.7,0.0,999.9,0,857
4,2014,06,26,2014-06-26,57.2,9999.9,9999.9,999.9,8.7,19.0,999.9,59.0,55.9,0.0,999.9,0,826
5,2014,06,27,2014-06-27,62.1,9999.9,9999.9,999.9,6.3,17.1,999.9,77.9,57.6,0.0,999.9,0,900
6,2014,06,28,2014-06-28,73.1,9999.9,9999.9,999.9,14.1,20.0,999.9,77.7,67.8,0.0,999.9,0,853
7,2014,06,29,2014-06-29,74.8,9999.9,9999.9,999.9,16.5,24.1,999.9,83.1,70.2,0.0,999.9,0,906
1,2014,06,30,2014-06-30,76.1,9999.9,9999.9,999.9,18.8,24.1,999.9,82.0,69.3,0.0,999.9,0,800
2,2014,07,01,2014-07-01,70.4,9999.9,9999.9,999.9,18.4,24.1,999.9,77.7,63.9,0.0,999.9,0,1017
3,2014,07,02,2014-07-02,66.5,9999.9,9999.9,999.9,13.9,18.1,999.9,77.7,54.5,0.0,999.9,0,818
4,2014,07,03,2014-07-03,59.4,9999.9,9999.9,999.9,7.3,9.9,999.9,66.2,55.0,0.0,999.9,0,886
5,2014,07,04,2014-07-04,64.6,9999.9,9999.9,999.9,7.7,15.0,999.9,67.5,61.9,0.0,999.9,0,837
6,2014,07,05,2014-07-05,68.2,9999.9,9999.9,999.9,10.7,18.1,999.9,74.5,63.5,0.0,999.9,0,900
7,2014,07,06,2014-07-06,71.4,9999.9,9999.9,999.9,14.4,22.9,999.9,81.7,64.4,0.0,999.9,0,874
1,2014,07,07,2014-07-07,75.0,9999.9,9999.9,999.9,15.7,25.1,999.9,81.3,70.2,0.0,999.9,0,899
2,2014,07,08,2014-07-08,74.8,9999.9,9999.9,999.9,13.7,21.0,999.9,80.8,64.9,0.0,999.9,0,818
3,2014,07,09,2014-07-09,68.1,9999.9,9999.9,999.9,10.4,20.0,999.9,76.1,62.8,0.0,999.9,0,854
4,2014,07,10,2014-07-10,65.7,9999.9,9999.9,999.9,6.7,14.0,999.9,68.0,64.8,0.0,999.9,0,821
5,2014,07,11,2014-07-11,68.5,9999.9,9999.9,999.9,9.0,15.0,999.9,72.0,64.9,0.0,999.9,0,944
6,2014,07,12,2014-07-12,73.1,9999.9,9999.9,999.9,11.6,18.1,999.9,76.5,70.7,0.0,999.9,0,810
7,2014,07,13,2014-07-13,73.2,9999.9,9999.9,999.9,14.5,33.0,999.9,77.9,68.5,0.0,999.9,0,849
1,2014,07,14,2014-07-14,70.4,9999.9,9999.9,999.9,7.7,14.0,999.9,79.2,63.3,0.0,999.9,0,817
2,2014,07,15,2014-07-15,63.0,9999.9,9999.9,999.9,13.0,17.1,999.9,70.7,56.8,0.0,999.9,0,817
3,2014,07,16,2014-07-16,61.3,9999.9,9999.9,999.9,9.8,15.9,999.9,64.2,59.2,0.0,999.9,0,847
4,2014,07,17,2014-07-17,65.5,9999.9,9999.9,999.9,8.1,13.0,999.9,68.5,61.9,0.0,999.9,0,809
5,2014,07,18,2014-07-18,68.1,9999.9,9999.9,999.9,10.5,14.0,999.9,70.5,65.5,0.0,999.9,0,876
6,2014,07,19,2014-07-19,68.8,9999.9,9999.9,999.9,5.7,12.0,999.9,70.9,65.7,0.0,999.9,0,868
7,2014,07,20,2014-07-20,69.8,9999.9,9999.9,999.9,6.9,13.0,999.9,72.7,67.1,0.0,999.9,0,843
1,2014,07,21,2014-07-21,72.5,9999.9,9999.9,999.9,9.0,15.0,999.9,76.1,70.0,0.0,999.9,0,810
2,2014,07,22,2014-07-22,77.0,9999.9,9999.9,999.9,14.8,21.0,999.9,84.9,71.8,0.0,999.9,0,835
3,2014,07,23,2014-07-23,68.4,9999.9,9999.9,999.9,21.3,28.0,999.9,84.2,61.3,0.0,999.9,0,861
4,2014,07,24,2014-07-24,62.8,9999.9,9999.9,999.9,14.2,22.0,999.9,64.6,61.0,0.0,999.9,0,855
5,2014,07,25,2014-07-25,66.6,9999.9,9999.9,999.9,11.4,22.9,999.9,71.6,62.6,0.0,999.9,0,924
6,2014,07,26,2014-07-26,69.8,9999.9,9999.9,999.9,10.1,17.1,999.9,72.3,67.5,0.0,999.9,0,874
7,2014,07,27,2014-07-27,75.3,9999.9,9999.9,999.9,12.3,27.0,999.9,81.7,70.0,0.0,999.9,0,890
1,2014,07,28,2014-07-28,62.7,9999.9,9999.9,999.9,23.1,31.1,999.9,74.1,58.5,0.0,999.9,0,874
2,2014,07,29,2014-07-29,64.2,9999.9,9999.9,999.9,6.3,9.9,999.9,68.4,61.0,0.0,999.9,0,805
3,2014,07,30,2014-07-30,64.5,9999.9,9999.9,999.9,8.3,26.0,999.9,70.5,62.6,0.0,999.9,0,794
4,2014,07,31,2014-07-31,69.8,9999.9,9999.9,999.9,10.1,18.1,999.9,79.7,63.7,0.0,999.9,0,861
5,2014,08,01,2014-08-01,73.4,9999.9,9999.9,999.9,9.0,13.0,999.9,78.3,69.4,0.0,999.9,0,1087
6,2014,08,02,2014-08-02,68.4,9999.9,9999.9,999.9,7.1,11.1,999.9,74.7,65.3,0.0,999.9,0,897
7,2014,08,03,2014-08-03,72.4,9999.9,9999.9,999.9,5.0,14.0,999.9,77.5,68.7,0.0,999.9,0,848
1,2014,08,04,2014-08-04,73.0,9999.9,9999.9,999.9,8.3,12.0,999.9,75.9,70.7,0.0,999.9,0,782
2,2014,08,05,2014-08-05,68.4,9999.9,9999.9,999.9,7.6,11.1,999.9,69.4,67.1,0.0,999.9,0,826
3,2014,08,06,2014-08-06,67.6,9999.9,9999.9,999.9,9.8,13.0,999.9,68.7,66.7,0.0,999.9,0,809
4,2014,08,07,2014-08-07,69.5,9999.9,9999.9,999.9,7.9,13.0,999.9,70.7,68.4,0.0,999.9,0,843
5,2014,08,08,2014-08-08,70.2,9999.9,9999.9,999.9,13.1,18.1,999.9,71.6,69.4,0.0,999.9,0,821
6,2014,08,09,2014-08-09,69.9,9999.9,9999.9,999.9,14.8,19.0,999.9,71.8,68.2,0.0,999.9,0,887
7,2014,08,10,2014-08-10,69.6,9999.9,9999.9,999.9,12.1,19.0,999.9,71.2,68.4,0.0,999.9,0,855
1,2014,08,11,2014-08-11,69.4,9999.9,9999.9,999.9,12.1,21.0,999.9,71.2,67.1,0.0,999.9,0,875
2,2014,08,12,2014-08-12,65.6,9999.9,9999.9,999.9,15.1,26.0,999.9,71.1,61.2,0.0,999.9,0,760
3,2014,08,13,2014-08-13,67.5,9999.9,9999.9,999.9,9.7,15.0,999.9,74.8,62.6,0.0,999.9,0,858
4,2014,08,14,2014-08-14,64.4,9999.9,9999.9,999.9,9.9,17.1,999.9,68.4,61.3,0.0,999.9,0,797
5,2014,08,15,2014-08-15,65.7,9999.9,9999.9,999.9,7.6,13.0,999.9,71.8,61.5,0.0,999.9,0,863
6,2014,08,16,2014-08-16,72.0,9999.9,9999.9,999.9,11.4,15.9,999.9,78.3,67.1,0.0,999.9,0,855
7,2014,08,17,2014-08-17,68.6,9999.9,9999.9,999.9,10.9,15.9,999.9,77.5,63.9,0.0,999.9,0,862
1,2014,08,18,2014-08-18,66.3,9999.9,9999.9,999.9,8.9,14.0,999.9,72.0,63.3,0.0,999.9,0,816
2,2014,08,19,2014-08-19,76.0,9999.9,9999.9,999.9,14.8,24.1,999.9,82.8,72.3,0.0,999.9,0,776
3,2014,08,20,2014-08-20,76.4,9999.9,9999.9,999.9,9.4,15.9,999.9,83.1,69.8,0.0,999.9,0,833
4,2014,08,21,2014-08-21,74.5,9999.9,9999.9,999.9,9.7,14.0,999.9,82.8,70.9,0.0,999.9,0,777
5,2014,08,22,2014-08-22,74.7,9999.9,9999.9,999.9,8.9,25.1,999.9,78.6,72.0,0.0,999.9,0,817
6,2014,08,23,2014-08-23,72.5,9999.9,9999.9,999.9,7.5,24.1,999.9,76.3,67.3,0.0,999.9,0,822
7,2014,08,24,2014-08-24,72.6,9999.9,9999.9,999.9,9.5,17.1,999.9,75.0,70.9,0.0,999.9,0,857
1,2014,08,25,2014-08-25,75.1,9999.9,9999.9,999.9,11.5,15.0,999.9,77.2,72.5,0.0,999.9,0,778
2,2014,08,26,2014-08-26,73.8,9999.9,9999.9,999.9,7.0,20.0,999.9,77.5,69.6,0.0,999.9,0,804
3,2014,08,27,2014-08-27,70.2,9999.9,9999.9,999.9,6.5,11.1,999.9,71.1,69.3,0.0,999.9,0,783
4,2014,08,28,2014-08-28,68.3,9999.9,9999.9,999.9,11.9,18.1,999.9,69.6,66.6,0.0,999.9,0,738
5,2014,08,29,2014-08-29,72.8,9999.9,9999.9,999.9,14.7,20.0,999.9,78.3,70.0,0.0,999.9,0,885
6,2014,08,30,2014-08-30,76.0,9999.9,9999.9,999.9,19.1,26.0,999.9,81.1,73.2,0.0,999.9,0,868
7,2014,08,31,2014-08-31,75.3,9999.9,9999.9,999.9,10.1,15.0,999.9,82.4,70.3,0.0,999.9,0,831
1,2014,09,01,2014-09-01,76.1,9999.9,9999.9,999.9,17.0,26.0,999.9,80.1,72.1,0.0,999.9,0,1016
2,2014,09,02,2014-09-02,72.9,9999.9,9999.9,999.9,8.6,20.0,999.9,79.3,69.8,0.0,999.9,0,799
3,2014,09,03,2014-09-03,73.2,9999.9,9999.9,999.9,6.7,15.0,999.9,76.1,69.6,0.0,999.9,0,723
4,2014,09,04,2014-09-04,74.7,9999.9,9999.9,999.9,18.5,29.9,999.9,81.9,69.3,0.0,999.9,0,750
5,2014,09,05,2014-09-05,77.9,9999.9,9999.9,999.9,18.6,29.9,999.9,82.8,68.4,0.0,999.9,0,844
6,2014,09,06,2014-09-06,64.4,9999.9,9999.9,999.9,12.6,19.0,999.9,67.6,60.8,0.0,999.9,0,815
7,2014,09,07,2014-09-07,67.2,9999.9,9999.9,999.9,7.1,12.0,999.9,71.4,62.6,0.0,999.9,0,824
1,2014,09,08,2014-09-08,68.3,9999.9,9999.9,999.9,8.6,14.0,999.9,71.1,65.1,0.0,999.9,0,686
2,2014,09,09,2014-09-09,69.7,9999.9,9999.9,999.9,11.5,15.0,999.9,74.1,66.4,0.0,999.9,0,788
3,2014,09,10,2014-09-10,71.6,9999.9,9999.9,999.9,18.9,29.9,999.9,77.7,65.8,0.0,999.9,0,707
4,2014,09,11,2014-09-11,53.4,9999.9,9999.9,999.9,16.9,26.0,999.9,73.8,48.6,0.0,999.9,0,746
5,2014,09,12,2014-09-12,53.4,9999.9,9999.9,999.9,17.0,20.0,999.9,56.3,48.9,0.0,999.9,0,719
6,2014,09,13,2014-09-13,47.2,9999.9,9999.9,999.9,15.0,20.0,999.9,53.4,43.2,0.0,999.9,0,685
7,2014,09,14,2014-09-14,56.1,9999.9,9999.9,999.9,6.9,11.1,999.9,64.0,51.8,0.0,999.9,0,760
1,2014,09,15,2014-09-15,59.5,9999.9,9999.9,999.9,9.0,15.0,999.9,63.7,57.0,0.0,999.9,0,739
2,2014,09,16,2014-09-16,55.4,9999.9,9999.9,999.9,9.7,15.9,999.9,59.5,50.9,0.0,999.9,0,749
3,2014,09,17,2014-09-17,59.5,9999.9,9999.9,999.9,8.0,12.0,999.9,62.1,54.9,0.0,999.9,0,796
4,2014,09,18,2014-09-18,60.6,9999.9,9999.9,999.9,7.7,12.0,999.9,62.6,58.3,0.0,999.9,0,867
5,2014,09,19,2014-09-19,62.7,9999.9,9999.9,999.9,13.6,21.0,999.9,70.0,58.6,0.0,999.9,0,878
6,2014,09,20,2014-09-20,68.0,9999.9,9999.9,999.9,19.1,26.0,999.9,74.7,63.9,0.0,999.9,0,846
7,2014,09,21,2014-09-21,64.2,9999.9,9999.9,999.9,18.5,25.1,999.9,72.9,58.3,0.0,999.9,0,791
1,2014,09,22,2014-09-22,55.2,9999.9,9999.9,999.9,13.6,22.9,999.9,58.8,51.6,0.0,999.9,0,769
4,2014,09,25,2014-09-25,64.1,9999.9,9999.9,999.9,7.1,11.1,999.9,68.5,61.7,0.0,999.9,0,752
5,2014,09,26,2014-09-26,63.8,9999.9,9999.9,999.9,5.5,11.1,999.9,66.0,62.1,0.0,999.9,0,879
6,2014,09,27,2014-09-27,64.1,9999.9,9999.9,999.9,4.7,8.9,999.9,66.2,63.0,0.0,999.9,0,891
7,2014,09,28,2014-09-28,63.1,9999.9,9999.9,999.9,4.0,7.0,999.9,65.1,60.6,0.0,999.9,0,837
1,2014,09,29,2014-09-29,67.3,9999.9,9999.9,999.9,3.6,11.1,999.9,74.3,63.3,0.0,999.9,0,801
2,2014,09,30,2014-09-30,54.1,9999.9,9999.9,999.9,18.3,25.1,999.9,58.1,51.6,0.0,999.9,0,783
3,2014,10,01,2014-10-01,57.3,9999.9,9999.9,999.9,12.9,15.9,999.9,65.1,55.0,0.0,999.9,0,977
4,2014,10,02,2014-10-02,64.9,9999.9,9999.9,999.9,12.5,18.1,999.9,68.5,63.0,0.0,999.9,0,806
5,2014,10,03,2014-10-03,60.3,9999.9,9999.9,999.9,19.2,28.0,999.9,67.6,50.7,0.0,999.9,0,782
6,2014,10,04,2014-10-04,43.9,9999.9,9999.9,999.9,22.2,26.0,999.9,50.7,37.2,0.0,999.9,0,723
7,2014,10,05,2014-10-05,47.6,9999.9,9999.9,999.9,16.8,21.0,999.9,53.6,43.3,0.0,999.9,0,717
1,2014,10,06,2014-10-06,54.5,9999.9,9999.9,999.9,14.4,20.0,999.9,57.7,50.9,0.0,999.9,0,723
2,2014,10,07,2014-10-07,57.1,9999.9,9999.9,999.9,17.9,24.1,999.9,64.2,53.1,0.0,999.9,0,759
3,2014,10,08,2014-10-08,57.1,9999.9,9999.9,999.9,15.8,22.0,999.9,64.2,49.5,0.0,999.9,0,747
4,2014,10,09,2014-10-09,55.1,9999.9,9999.9,999.9,11.2,20.0,999.9,63.7,50.9,0.0,999.9,0,686
5,2014,10,10,2014-10-10,53.7,9999.9,9999.9,999.9,6.4,7.0,999.9,53.8,53.4,0.0,999.9,0,741
6,2014,10,11,2014-10-11,53.1,9999.9,9999.9,999.9,8.9,15.9,999.9,55.4,51.6,0.0,999.9,0,801
7,2014,10,12,2014-10-12,54.0,9999.9,9999.9,999.9,14.6,20.0,999.9,59.9,50.2,0.0,999.9,0,692
1,2014,10,13,2014-10-13,59.2,9999.9,9999.9,999.9,11.4,18.1,999.9,64.0,56.5,0.0,999.9,0,705
2,2014,10,14,2014-10-14,61.7,9999.9,9999.9,999.9,15.5,25.1,999.9,65.8,58.6,0.0,999.9,0,730
3,2014,10,15,2014-10-15,53.8,9999.9,9999.9,999.9,17.0,25.1,999.9,58.3,51.6,0.0,999.9,0,773
4,2014,10,16,2014-10-16,54.0,9999.9,9999.9,999.9,12.6,20.0,999.9,56.5,51.4,0.0,999.9,0,746
5,2014,10,17,2014-10-17,56.1,9999.9,9999.9,999.9,18.3,22.0,999.9,59.5,53.8,0.0,999.9,0,867
6,2014,10,18,2014-10-18,49.6,9999.9,9999.9,999.9,20.3,27.0,999.9,56.1,46.0,0.0,999.9,0,837
7,2014,10,19,2014-10-19,47.5,9999.9,9999.9,999.9,11.5,21.0,999.9,53.8,44.6,0.0,999.9,0,744
1,2014,10,20,2014-10-20,53.2,9999.9,9999.9,999.9,17.0,26.0,999.9,55.2,50.9,0.0,999.9,0,758
2,2014,10,21,2014-10-21,51.0,9999.9,9999.9,999.9,19.7,25.1,999.9,54.1,48.0,0.0,999.9,0,779
3,2014,10,22,2014-10-22,48.9,9999.9,9999.9,999.9,8.9,18.1,999.9,50.7,47.3,0.0,999.9,0,728
4,2014,10,23,2014-10-23,50.3,9999.9,9999.9,999.9,12.1,15.9,999.9,57.7,44.4,0.0,999.9,0,776
5,2014,10,24,2014-10-24,55.8,9999.9,9999.9,999.9,8.3,13.0,999.9,59.7,54.3,0.0,999.9,0,880
6,2014,10,25,2014-10-25,62.4,9999.9,9999.9,999.9,13.0,22.0,999.9,70.0,57.0,0.0,999.9,0,803
7,2014,10,26,2014-10-26,54.8,9999.9,9999.9,999.9,11.8,20.0,999.9,66.4,49.3,0.0,999.9,0,751
1,2014,10,27,2014-10-27,60.8,9999.9,9999.9,999.9,18.1,32.1,999.9,72.7,54.0,0.0,999.9,0,812
2,2014,10,28,2014-10-28,60.9,9999.9,9999.9,999.9,22.8,28.0,999.9,71.4,54.1,0.0,999.9,0,771
3,2014,10,29,2014-10-29,47.8,9999.9,9999.9,999.9,15.8,22.9,999.9,53.6,44.4,0.0,999.9,0,797
4,2014,10,30,2014-10-30,46.9,9999.9,9999.9,999.9,8.1,12.0,999.9,50.5,43.5,0.0,999.9,0,780
5,2014,10,31,2014-10-31,43.0,9999.9,9999.9,999.9,27.5,47.0,999.9,49.8,37.6,0.0,999.9,0,824
6,2014,11,01,2014-11-01,38.5,9999.9,9999.9,999.9,24.2,36.9,999.9,40.1,36.5,0.0,999.9,0,911
7,2014,11,02,2014-11-02,41.7,9999.9,9999.9,999.9,11.4,20.0,999.9,50.4,36.3,0.0,999.9,0,727
1,2014,11,03,2014-11-03,51.0,9999.9,9999.9,999.9,21.3,26.0,999.9,61.0,45.3,0.0,999.9,0,774
2,2014,11,04,2014-11-04,55.3,9999.9,9999.9,999.9,23.5,29.9,999.9,61.5,48.4,0.0,999.9,0,776
3,2014,11,05,2014-11-05,48.5,9999.9,9999.9,999.9,13.7,21.0,999.9,59.9,43.0,0.0,999.9,0,744
4,2014,11,06,2014-11-06,48.0,9999.9,9999.9,999.9,22.8,33.0,999.9,57.9,40.8,0.0,999.9,0,669
5,2014,11,07,2014-11-07,39.3,9999.9,9999.9,999.9,14.8,28.9,999.9,42.3,36.3,0.0,999.9,0,781
6,2014,11,08,2014-11-08,43.7,9999.9,9999.9,999.9,19.4,26.0,999.9,45.5,41.7,0.0,999.9,0,746
7,2014,11,09,2014-11-09,42.5,9999.9,9999.9,999.9,16.5,28.9,999.9,51.4,37.9,0.0,999.9,0,685
1,2014,11,10,2014-11-10,50.1,9999.9,9999.9,999.9,14.7,26.0,999.9,58.8,45.5,0.0,999.9,0,776
2,2014,11,11,2014-11-11,50.1,9999.9,9999.9,999.9,19.1,28.0,999.9,58.6,36.9,0.0,999.9,0,675
3,2014,11,12,2014-11-12,30.2,9999.9,9999.9,999.9,18.1,24.1,999.9,35.4,26.2,0.0,999.9,0,596
4,2014,11,13,2014-11-13,26.6,9999.9,9999.9,999.9,16.7,20.0,999.9,28.6,24.6,0.0,999.9,0,662
5,2014,11,14,2014-11-14,26.5,9999.9,9999.9,999.9,10.0,17.1,999.9,28.0,24.6,0.0,999.9,0,754
6,2014,11,15,2014-11-15,26.8,9999.9,9999.9,999.9,9.2,13.0,999.9,30.6,24.8,0.0,999.9,0,749
7,2014,11,16,2014-11-16,29.2,9999.9,9999.9,999.9,12.5,19.0,999.9,31.6,26.8,0.0,999.9,0,676
1,2014,11,17,2014-11-17,20.5,9999.9,9999.9,999.9,19.6,28.0,999.9,31.8,14.4,0.0,999.9,0,625
2,2014,11,18,2014-11-18,13.9,9999.9,9999.9,999.9,25.0,28.9,999.9,17.4,10.9,0.0,999.9,0,624
3,2014,11,19,2014-11-19,23.0,9999.9,9999.9,999.9,21.7,27.0,999.9,30.2,17.8,0.0,999.9,0,634
4,2014,11,20,2014-11-20,23.2,9999.9,9999.9,999.9,21.8,28.0,999.9,26.1,19.2,0.0,999.9,0,633
5,2014,11,21,2014-11-21,22.4,9999.9,9999.9,999.9,14.6,22.9,999.9,32.9,16.7,0.0,999.9,0,735
6,2014,11,22,2014-11-22,37.7,9999.9,9999.9,999.9,22.0,28.9,999.9,50.5,30.4,0.0,999.9,0,728
7,2014,11,23,2014-11-23,49.2,9999.9,9999.9,999.9,20.4,28.0,999.9,52.2,43.9,0.0,999.9,0,688
1,2014,11,24,2014-11-24,42.4,9999.9,9999.9,999.9,17.6,33.0,999.9,50.2,29.3,0.0,999.9,0,592
2,2014,11,25,2014-11-25,25.3,9999.9,9999.9,999.9,19.5,35.0,999.9,29.7,21.7,0.0,999.9,0,661
3,2014,11,26,2014-11-26,25.1,9999.9,9999.9,999.9,8.1,13.0,999.9,28.4,22.3,0.0,999.9,0,677
4,2014,11,27,2014-11-27,26.6,9999.9,9999.9,999.9,13.5,18.1,999.9,31.5,22.8,0.0,999.9,0,452
5,2014,11,28,2014-11-28,23.2,9999.9,9999.9,999.9,13.9,24.1,999.9,31.3,19.6,0.0,999.9,0,607
6,2014,11,29,2014-11-29,38.3,9999.9,9999.9,999.9,20.9,29.9,999.9,50.2,32.2,0.0,999.9,0,706
7,2014,11,30,2014-11-30,46.3,9999.9,9999.9,999.9,19.6,29.9,999.9,50.9,34.2,0.0,999.9,0,722
1,2014,12,01,2014-12-01,23.8,9999.9,9999.9,999.9,17.4,22.9,999.9,33.8,17.4,0.0,999.9,0,817
2,2014,12,02,2014-12-02,26.7,9999.9,9999.9,999.9,16.1,19.0,999.9,30.9,21.9,0.0,999.9,0,651
3,2014,12,03,2014-12-03,31.3,9999.9,9999.9,999.9,16.0,20.0,999.9,36.1,27.7,0.0,999.9,0,750
4,2014,12,04,2014-12-04,30.8,9999.9,9999.9,999.9,10.4,15.9,999.9,34.2,27.3,0.0,999.9,0,691
5,2014,12,05,2014-12-05,34.3,9999.9,9999.9,999.9,9.4,15.0,999.9,36.0,33.3,0.0,999.9,0,804
6,2014,12,06,2014-12-06,37.1,9999.9,9999.9,999.9,15.4,22.0,999.9,38.1,35.6,0.0,999.9,0,661
7,2014,12,07,2014-12-07,34.6,9999.9,9999.9,999.9,15.0,19.0,999.9,37.4,32.0,0.0,999.9,0,595
1,2014,12,08,2014-12-08,34.7,9999.9,9999.9,999.9,15.5,22.9,999.9,37.2,33.6,0.0,999.9,0,709
2,2014,12,09,2014-12-09,35.5,9999.9,9999.9,999.9,17.6,24.1,999.9,37.9,33.8,0.0,999.9,0,652
3,2014,12,10,2014-12-10,32.3,9999.9,9999.9,999.9,17.5,20.0,999.9,34.3,31.5,0.0,999.9,0,726
4,2014,12,11,2014-12-11,29.0,9999.9,9999.9,999.9,12.5,18.1,999.9,32.4,24.3,0.0,999.9,0,638
5,2014,12,12,2014-12-12,29.7,9999.9,9999.9,999.9,12.6,15.9,999.9,37.0,24.1,0.0,999.9,0,728
6,2014,12,13,2014-12-13,39.8,9999.9,9999.9,999.9,11.7,18.1,999.9,46.9,35.4,0.0,999.9,0,768
7,2014,12,14,2014-12-14,47.8,9999.9,9999.9,999.9,13.2,17.1,999.9,51.3,45.1,0.0,999.9,0,715
1,2014,12,15,2014-12-15,43.0,9999.9,9999.9,999.9,15.6,19.0,999.9,46.4,39.4,0.0,999.9,0,729
2,2014,12,16,2014-12-16,41.0,9999.9,9999.9,999.9,12.2,24.1,999.9,44.6,36.3,0.0,999.9,0,661
3,2014,12,17,2014-12-17,28.4,9999.9,9999.9,999.9,16.0,22.0,999.9,35.4,24.8,0.0,999.9,0,736
4,2014,12,18,2014-12-18,25.0,9999.9,9999.9,999.9,7.4,12.0,999.9,27.7,23.0,0.0,999.9,0,667
5,2014,12,19,2014-12-19,29.6,9999.9,9999.9,999.9,6.9,12.0,999.9,31.8,27.9,0.0,999.9,0,769
6,2014,12,20,2014-12-20,31.9,9999.9,9999.9,999.9,7.6,12.0,999.9,33.1,31.1,0.0,999.9,0,740
7,2014,12,21,2014-12-21,33.3,9999.9,9999.9,999.9,14.0,20.0,999.9,35.6,32.5,0.0,999.9,0,651
1,2014,12,22,2014-12-22,34.2,9999.9,9999.9,999.9,16.2,21.0,999.9,37.6,32.4,0.0,999.9,0,648
2,2014,12,23,2014-12-23,42.6,9999.9,9999.9,999.9,16.5,22.9,999.9,47.3,38.1,0.0,999.9,0,674
3,2014,12,24,2014-12-24,40.0,9999.9,9999.9,999.9,8.0,15.0,999.9,45.3,36.5,0.0,999.9,0,568
4,2014,12,25,2014-12-25,36.8,9999.9,9999.9,999.9,17.4,21.0,999.9,40.6,33.8,0.0,999.9,0,439
5,2014,12,26,2014-12-26,41.2,9999.9,9999.9,999.9,20.3,25.1,999.9,48.6,37.9,0.0,999.9,0,627
6,2014,12,27,2014-12-27,44.6,9999.9,9999.9,999.9,20.3,33.0,999.9,48.7,35.1,0.0,999.9,0,717
7,2014,12,28,2014-12-28,30.4,9999.9,9999.9,999.9,11.8,22.0,999.9,34.7,24.6,0.0,999.9,0,632
1,2014,12,29,2014-12-29,30.6,9999.9,9999.9,999.9,11.6,18.1,999.9,34.3,27.5,0.0,999.9,0,678
2,2014,12,30,2014-12-30,20.1,9999.9,9999.9,999.9,14.3,22.0,999.9,27.3,12.7,0.0,999.9,0,571
3,2014,12,31,2014-12-31,12.1,9999.9,9999.9,999.9,18.4,25.1,999.9,18.1,6.4,0.0,999.9,0,585
2,2024,01,02,2024-01-02,38.0,30.0,9999.9,999.9,18.4,21.0,999.9,39.0,36.5,0.0,999.9,0,655
3,2024,01,03,2024-01-03,33.9,31.2,9999.9,999.9,13.1,22.9,999.9,38.3,31.3,0.0,999.9,0,676
4,2024,01,04,2024-01-04,34.0,24.8,9999.9,999.9,12.9,21.0,999.9,36.3,31.5,0.0,999.9,0,692
5,2024,01,05,2024-01-05,33.3,24.4,9999.9,999.9,10.5,15.9,999.9,35.1,30.9,0.0,999.9,0,681
6,2024,01,06,2024-01-06,33.9,31.8,9999.9,999.9,12.4,18.1,999.9,35.2,32.7,0.0,999.9,0,638
7,2024,01,07,2024-01-07,33.9,32.0,9999.9,999.9,12.2,20.0,999.9,35.1,32.9,0.0,999.9,0,644
1,2024,01,08,2024-01-08,34.8,30.5,9999.9,999.9,12.5,19.0,999.9,37.2,33.3,0.0,999.9,0,658
2,2024,01,09,2024-01-09,36.4,35.7,9999.9,999.9,22.1,34.0,999.9,38.1,34.5,0.0,999.9,0,547
3,2024,01,10,2024-01-10,34.9,31.9,9999.9,999.9,21.1,31.1,999.9,37.6,31.8,0.0,999.9,0,681
4,2024,01,11,2024-01-11,33.7,30.8,9999.9,999.9,17.7,26.0,999.9,35.8,31.8,0.0,999.9,0,640
5,2024,01,12,2024-01-12,35.0,33.2,9999.9,999.9,21.9,44.1,999.9,39.6,31.6,0.0,999.9,0,554
6,2024,01,13,2024-01-13,28.8,27.2,9999.9,999.9,24.4,33.0,999.9,40.3,15.3,0.0,999.9,0,540
7,2024,01,14,2024-01-14,-0.7,-3.8,9999.9,999.9,27.3,36.9,999.9,13.8,-8.3,0.0,999.9,0,399
1,2024,01,15,2024-01-15,-3.7,-7.0,9999.9,999.9,17.2,24.1,999.9,4.8,-7.4,0.0,999.9,0,499
2,2024,01,16,2024-01-16,0.6,-5.6,9999.9,999.9,18.5,22.9,999.9,4.3,-4.2,0.0,999.9,0,491
3,2024,01,17,2024-01-17,9.4,-0.8,9999.9,999.9,20.8,26.0,999.9,19.0,4.1,0.0,999.9,0,567
4,2024,01,18,2024-01-18,21.2,14.3,9999.9,999.9,9.5,19.0,999.9,22.6,19.0,0.0,999.9,0,595
5,2024,01,19,2024-01-19,14.8,10.2,9999.9,999.9,19.8,24.1,999.9,21.6,12.0,0.0,999.9,0,581
6,2024,01,20,2024-01-20,12.8,5.1,9999.9,999.9,18.9,24.1,999.9,19.0,8.4,0.0,999.9,0,558
7,2024,01,21,2024-01-21,14.2,3.5,9999.9,999.9,14.8,24.1,999.9,21.2,9.9,0.0,999.9,0,542
1,2024,01,22,2024-01-22,26.4,20.5,9999.9,999.9,24.8,35.0,999.9,33.1,21.0,0.0,999.9,0,601
2,2024,01,23,2024-01-23,33.6,33.6,9999.9,999.9,10.6,18.1,999.9,35.6,32.4,0.0,999.9,0,640
3,2024,01,24,2024-01-24,35.3,35.3,9999.9,999.9,5.1,12.0,999.9,36.7,34.2,0.0,999.9,0,629
4,2024,01,25,2024-01-25,35.6,35.6,9999.9,999.9,9.9,14.0,999.9,37.2,34.2,0.0,999.9,0,702
5,2024,01,26,2024-01-26,35.7,35.7,9999.9,999.9,12.9,19.0,999.9,37.6,34.5,0.0,999.9,0,714
6,2024,01,27,2024-01-27,36.3,36.3,9999.9,999.9,8.7,14.0,999.9,37.9,34.7,0.0,999.9,0,675
7,2024,01,28,2024-01-28,35.1,35.0,9999.9,999.9,19.6,27.0,999.9,36.5,34.0,0.0,999.9,0,712
1,2024,01,29,2024-01-29,34.1,32.8,9999.9,999.9,12.4,20.0,999.9,38.1,31.1,0.0,999.9,0,684
2,2024,01,30,2024-01-30,36.7,36.6,9999.9,999.9,15.6,24.1,999.9,38.7,34.9,0.0,999.9,0,727
3,2024,01,31,2024-01-31,37.7,35.2,9999.9,999.9,12.9,19.0,999.9,38.5,35.6,0.0,999.9,0,704
4,2024,02,01,2024-02-01,39.9,38.1,9999.9,999.9,15.2,28.9,999.9,46.8,37.2,0.0,999.9,0,784
5,2024,02,02,2024-02-02,36.6,36.5,9999.9,999.9,13.1,19.0,999.9,38.5,34.2,0.0,999.9,0,694
6,2024,02,03,2024-02-03,33.7,33.5,9999.9,999.9,10.1,15.9,999.9,37.8,30.2,0.0,999.9,0,655
7,2024,02,04,2024-02-04,35.9,35.6,9999.9,999.9,9.9,14.0,999.9,37.2,34.3,0.0,999.9,0,681
1,2024,02,05,2024-02-05,35.3,35.1,9999.9,999.9,14.0,19.0,999.9,36.3,33.8,0.0,999.9,0,724
2,2024,02,06,2024-02-06,34.6,34.5,9999.9,999.9,9.5,15.0,999.9,36.3,31.5,0.0,999.9,0,698
3,2024,02,07,2024-02-07,37.3,35.2,9999.9,999.9,10.7,15.0,999.9,43.9,34.5,0.0,999.9,0,722
4,2024,02,08,2024-02-08,46.6,38.6,9999.9,999.9,22.0,35.9,999.9,54.9,39.6,0.0,999.9,0,709
5,2024,02,09,2024-02-09,51.3,41.3,9999.9,999.9,23.9,36.9,999.9,55.4,44.8,0.0,999.9,0,745
6,2024,02,10,2024-02-10,39.1,30.5,9999.9,999.9,12.2,20.0,999.9,54.5,32.9,0.0,999.9,0,709
7,2024,02,11,2024-02-11,34.0,28.8,9999.9,999.9,8.4,15.9,999.9,37.0,31.3,0.0,999.9,0,646
1,2024,02,12,2024-02-12,35.0,29.7,9999.9,999.9,7.3,13.0,999.9,39.0,31.6,0.0,999.9,0,667
2,2024,02,13,2024-02-13,36.5,27.2,9999.9,999.9,12.1,21.0,999.9,41.7,32.2,0.0,999.9,0,654
3,2024,02,14,2024-02-14,35.5,26.5,9999.9,999.9,8.9,15.0,999.9,38.8,32.9,0.0,999.9,0,688
4,2024,02,15,2024-02-15,39.8,30.4,9999.9,999.9,20.0,31.1,999.9,44.1,37.6,0.0,999.9,0,658
5,2024,02,16,2024-02-16,30.9,15.5,9999.9,999.9,14.2,22.9,999.9,39.7,27.3,0.0,999.9,0,705
6,2024,02,17,2024-02-17,21.6,7.5,9999.9,999.9,20.4,29.9,999.9,30.7,14.2,0.0,999.9,0,655
7,2024,02,18,2024-02-18,30.6,16.7,9999.9,999.9,22.4,33.0,999.9,44.6,24.1,0.0,999.9,0,681
1,2024,02,19,2024-02-19,36.6,29.6,9999.9,999.9,8.1,15.9,999.9,44.2,32.2,0.0,999.9,0,673
2,2024,02,20,2024-02-20,40.9,31.2,9999.9,999.9,13.8,26.0,999.9,53.2,34.7,0.0,999.9,0,669
3,2024,02,21,2024-02-21,51.5,35.0,9999.9,999.9,20.3,25.1,999.9,63.5,45.9,0.0,999.9,0,682
4,2024,02,22,2024-02-22,45.4,38.4,9999.9,999.9,8.4,15.9,999.9,61.5,38.5,0.0,999.9,0,683
5,2024,02,23,2024-02-23,44.5,32.4,9999.9,999.9,13.5,19.0,999.9,55.8,37.9,0.0,999.9,0,643
6,2024,02,24,2024-02-24,26.9,18.3,9999.9,999.9,17.9,32.1,999.9,29.7,24.6,0.0,999.9,0,651
7,2024,02,25,2024-02-25,40.0,26.1,9999.9,999.9,21.5,33.0,999.9,59.2,30.2,0.0,999.9,0,702
1,2024,02,26,2024-02-26,50.0,36.8,9999.9,999.9,10.7,28.0,999.9,66.2,39.7,0.0,999.9,0,682
2,2024,02,27,2024-02-27,59.8,52.4,9999.9,999.9,25.5,35.0,999.9,66.4,54.7,0.0,999.9,0,705
3,2024,02,28,2024-02-28,38.6,31.1,9999.9,999.9,23.1,34.0,999.9,63.7,19.9,0.0,999.9,0,666
4,2024,02,29,2024-02-29,28.9,6.8,9999.9,999.9,15.4,25.1,999.9,43.3,21.9,0.0,999.9,0,711
5,2024,03,01,2024-03-01,39.1,22.1,9999.9,999.9,18.9,27.0,999.9,43.2,35.6,0.0,999.9,0,812
6,2024,03,02,2024-03-02,42.7,35.8,9999.9,999.9,13.6,21.0,999.9,47.7,38.3,0.0,999.9,0,646
7,2024,03,03,2024-03-03,48.2,42.6,9999.9,999.9,22.0,28.9,999.9,61.5,41.0,0.0,999.9,0,676
1,2024,03,04,2024-03-04,58.4,51.6,9999.9,999.9,20.0,29.9,999.9,65.3,48.7,0.0,999.9,0,715
2,2024,03,05,2024-03-05,44.6,43.8,9999.9,999.9,21.0,31.1,999.9,66.7,38.1,0.0,999.9,0,702
3,2024,03,06,2024-03-06,38.9,38.6,9999.9,999.9,20.0,26.0,999.9,39.6,38.3,0.0,999.9,0,658
4,2024,03,07,2024-03-07,38.8,35.7,9999.9,999.9,11.7,20.0,999.9,41.0,36.7,0.0,999.9,0,665
5,2024,03,08,2024-03-08,40.6,40.3,9999.9,999.9,12.7,19.0,999.9,43.0,39.4,0.0,999.9,0,644
6,2024,03,09,2024-03-09,40.1,34.6,9999.9,999.9,19.2,32.1,999.9,42.3,38.7,0.0,999.9,0,647
7,2024,03,10,2024-03-10,35.6,21.3,9999.9,999.9,21.2,32.1,999.9,40.1,32.0,0.0,999.9,0,626
1,2024,03,11,2024-03-11,45.9,27.4,9999.9,999.9,16.8,31.1,999.9,66.6,37.0,0.0,999.9,0,676
2,2024,03,12,2024-03-12,60.2,35.8,9999.9,999.9,24.5,29.9,999.9,69.6,52.2,0.0,999.9,0,733
3,2024,03,13,2024-03-13,53.8,42.0,9999.9,999.9,13.2,25.1,999.9,68.9,42.4,0.0,999.9,0,697
4,2024,03,14,2024-03-14,45.2,43.5,9999.9,999.9,12.6,27.0,999.9,50.5,41.7,0.0,999.9,0,645
5,2024,03,15,2024-03-15,38.9,38.2,9999.9,999.9,20.3,34.0,999.9,41.2,36.9,0.0,999.9,0,652
6,2024,03,16,2024-03-16,46.6,36.2,9999.9,999.9,20.3,33.0,999.9,55.8,37.9,0.0,999.9,0,784
7,2024,03,17,2024-03-17,39.5,21.9,9999.9,999.9,19.8,32.1,999.9,48.9,34.2,0.0,999.9,0,668
1,2024,03,18,2024-03-18,30.2,16.1,9999.9,999.9,16.5,21.0,999.9,35.1,25.9,0.0,999.9,0,647
2,2024,03,19,2024-03-19,38.7,19.3,9999.9,999.9,22.5,35.9,999.9,56.7,32.0,0.0,999.9,0,654
3,2024,03,20,2024-03-20,38.9,21.7,9999.9,999.9,17.0,31.1,999.9,56.5,31.6,0.0,999.9,0,720
4,2024,03,21,2024-03-21,32.2,19.1,9999.9,999.9,7.0,13.0,999.9,34.3,30.7,0.0,999.9,0,681
5,2024,03,22,2024-03-22,34.4,27.4,9999.9,999.9,15.9,20.0,999.9,36.7,30.9,0.0,999.9,0,656
6,2024,03,23,2024-03-23,34.3,26.1,9999.9,999.9,20.0,26.0,999.9,36.3,32.5,0.0,999.9,0,625
7,2024,03,24,2024-03-24,36.0,22.2,9999.9,999.9,15.7,22.9,999.9,42.6,32.4,0.0,999.9,0,717
1,2024,03,25,2024-03-25,47.9,35.2,9999.9,999.9,19.5,27.0,999.9,57.9,42.8,0.0,999.9,0,660
2,2024,03,26,2024-03-26,51.0,46.7,9999.9,999.9,22.9,32.1,999.9,56.5,47.7,0.0,999.9,0,666
3,2024,03,27,2024-03-27,31.9,23.7,9999.9,999.9,24.9,32.1,999.9,35.2,29.5,0.0,999.9,0,691
1,2024,04,01,2024-04-01,42.4,42.0,9999.9,999.9,16.5,22.0,999.9,43.7,41.5,0.0,999.9,0,740
2,2024,04,02,2024-04-02,45.5,43.5,9999.9,999.9,23.2,41.0,999.9,58.1,42.1,0.0,999.9,0,597
3,2024,04,03,2024-04-03,37.6,35.7,9999.9,999.9,21.6,28.0,999.9,39.6,36.3,0.0,999.9,0,548
4,2024,04,04,2024-04-04,39.4,37.1,9999.9,999.9,24.0,33.0,999.9,40.8,37.2,0.0,999.9,0,625
5,2024,04,05,2024-04-05,40.8,37.0,9999.9,999.9,20.9,28.9,999.9,42.4,39.7,0.0,999.9,0,655
6,2024,04,06,2024-04-06,41.9,35.2,9999.9,999.9,9.6,14.0,999.9,43.3,40.8,0.0,999.9,0,712
7,2024,04,07,2024-04-07,44.2,40.4,9999.9,999.9,14.6,22.9,999.9,47.7,41.2,0.0,999.9,0,625
1,2024,04,08,2024-04-08,55.8,44.2,9999.9,999.9,16.6,24.1,999.9,72.9,46.2,0.0,999.9,0,702
2,2024,04,09,2024-04-09,62.8,43.0,9999.9,999.9,15.1,22.9,999.9,72.7,58.6,0.0,999.9,0,709
3,2024,04,10,2024-04-10,58.7,43.3,9999.9,999.9,8.0,15.0,999.9,63.3,52.5,0.0,999.9,0,697
4,2024,04,11,2024-04-11,52.8,45.6,9999.9,999.9,13.2,21.0,999.9,63.1,48.2,0.0,999.9,0,689
5,2024,04,12,2024-04-12,54.0,46.0,9999.9,999.9,17.9,31.1,999.9,61.9,48.4,0.0,999.9,0,739
6,2024,04,13,2024-04-13,54.6,39.3,9999.9,999.9,11.4,21.0,999.9,68.2,50.2,0.0,999.9,0,709
7,2024,04,14,2024-04-14,68.6,48.4,9999.9,999.9,23.9,36.9,999.9,74.7,58.5,0.0,999.9,0,749
1,2024,04,15,2024-04-15,55.2,44.2,9999.9,999.9,8.5,17.1,999.9,70.2,49.1,0.0,999.9,0,746
2,2024,04,16,2024-04-16,54.2,46.1,9999.9,999.9,14.6,25.1,999.9,67.8,50.4,0.0,999.9,0,691
3,2024,04,17,2024-04-17,64.9,60.9,9999.9,999.9,24.8,33.0,999.9,68.5,59.4,0.0,999.9,0,691
4,2024,04,18,2024-04-18,54.9,47.9,9999.9,999.9,10.3,24.1,999.9,59.2,50.7,0.0,999.9,0,616
5,2024,04,19,2024-04-19,50.6,35.1,9999.9,999.9,20.0,28.0,999.9,56.3,46.4,0.0,999.9,0,702
6,2024,04,20,2024-04-20,45.8,25.9,9999.9,999.9,18.8,27.0,999.9,56.1,39.0,0.0,999.9,0,644
7,2024,04,21,2024-04-21,44.7,27.3,9999.9,999.9,12.6,19.0,999.9,51.4,39.4,0.0,999.9,0,683
1,2024,04,22,2024-04-22,56.1,32.6,9999.9,999.9,14.2,28.0,999.9,65.7,49.1,0.0,999.9,0,727
2,2024,04,23,2024-04-23,60.7,42.1,9999.9,999.9,27.0,33.0,999.9,65.5,58.5,0.0,999.9,0,672
3,2024,04,24,2024-04-24,44.3,39.2,9999.9,999.9,22.5,34.0,999.9,60.8,39.9,0.0,999.9,0,666
4,2024,04,25,2024-04-25,44.2,39.3,9999.9,999.9,8.2,18.1,999.9,47.8,41.0,0.0,999.9,0,615
5,2024,04,26,2024-04-26,50.1,44.7,9999.9,999.9,18.5,35.0,999.9,53.8,47.8,0.0,999.9,0,701
6,2024,04,27,2024-04-27,66.1,61.8,9999.9,999.9,24.5,33.0,999.9,79.9,53.6,0.0,999.9,0,681
7,2024,04,28,2024-04-28,64.5,61.5,9999.9,999.9,20.0,34.0,999.9,76.3,49.8,0.0,999.9,0,756
1,2024,04,29,2024-04-29,68.2,63.2,9999.9,999.9,16.9,25.1,999.9,74.8,61.3,0.0,999.9,0,685
2,2024,04,30,2024-04-30,60.6,50.0,9999.9,999.9,11.2,22.9,999.9,71.6,56.5,0.0,999.9,0,712
4,2024,05,02,2024-05-02,60.2,47.1,9999.9,999.9,10.9,31.1,999.9,68.4,54.3,0.0,999.9,0,745
5,2024,05,03,2024-05-03,59.0,57.6,9999.9,999.9,8.5,22.0,999.9,70.3,54.5,0.0,999.9,0,673
6,2024,05,04,2024-05-04,57.1,52.6,9999.9,999.9,6.2,21.0,999.9,67.8,52.7,0.0,999.9,0,689
7,2024,05,05,2024-05-05,56.4,52.7,9999.9,999.9,12.8,22.0,999.9,65.8,50.4,0.0,999.9,0,689
1,2024,05,06,2024-05-06,56.8,51.3,9999.9,999.9,7.1,18.1,999.9,64.2,51.8,0.0,999.9,0,673
2,2024,05,07,2024-05-07,64.0,59.6,9999.9,999.9,15.4,22.0,999.9,75.7,60.6,0.0,999.9,0,716
3,2024,05,08,2024-05-08,67.1,56.2,9999.9,999.9,10.0,20.0,999.9,74.8,60.8,0.0,999.9,0,747
4,2024,05,09,2024-05-09,59.2,56.1,9999.9,999.9,16.8,25.1,999.9,62.2,55.0,0.0,999.9,0,647
5,2024,05,10,2024-05-10,56.1,53.7,9999.9,999.9,12.3,19.0,999.9,70.0,53.4,0.0,999.9,0,684
6,2024,05,11,2024-05-11,61.2,51.4,9999.9,999.9,15.9,24.1,999.9,70.0,55.8,0.0,999.9,0,729
7,2024,05,12,2024-05-12,66.6,52.7,9999.9,999.9,12.2,20.0,999.9,84.2,57.6,0.0,999.9,0,730
1,2024,05,13,2024-05-13,76.1,57.1,9999.9,999.9,18.9,28.9,999.9,84.6,66.7,0.0,999.9,0,717
2,2024,05,14,2024-05-14,57.3,56.5,9999.9,999.9,15.3,26.0,999.9,72.3,52.9,0.0,999.9,0,728
3,2024,05,15,2024-05-15,55.3,52.2,9999.9,999.9,20.2,26.0,999.9,57.4,53.2,0.0,999.9,0,746
4,2024,05,16,2024-05-16,61.5,57.3,9999.9,999.9,10.5,28.9,999.9,72.9,55.9,0.0,999.9,0,723
5,2024,05,17,2024-05-17,66.8,65.3,9999.9,999.9,9.3,22.0,999.9,73.8,59.4,0.0,999.9,0,787
6,2024,05,18,2024-05-18,70.2,65.7,9999.9,999.9,9.1,19.0,999.9,79.3,62.4,0.0,999.9,0,741
7,2024,05,19,2024-05-19,73.2,61.4,9999.9,999.9,11.7,19.0,999.9,84.2,64.6,0.0,999.9,0,766
1,2024,05,20,2024-05-20,69.9,60.1,9999.9,999.9,9.2,29.9,999.9,85.3,63.9,0.0,999.9,0,772
2,2024,05,21,2024-05-21,71.3,64.6,9999.9,999.9,12.8,31.1,999.9,84.6,60.1,0.0,999.9,0,767
3,2024,05,22,2024-05-22,75.6,60.3,9999.9,999.9,27.9,45.1,999.9,84.7,65.8,0.0,999.9,0,792
4,2024,05,23,2024-05-23,71.7,50.8,9999.9,999.9,12.1,21.0,999.9,77.0,67.8,0.0,999.9,0,778
5,2024,05,24,2024-05-24,69.0,60.6,9999.9,999.9,14.2,26.0,999.9,75.6,66.0,0.0,999.9,0,776
6,2024,05,25,2024-05-25,66.0,58.1,9999.9,999.9,14.1,31.1,999.9,74.7,60.8,0.0,999.9,0,788
7,2024,05,26,2024-05-26,63.2,57.3,9999.9,999.9,10.0,19.0,999.9,66.2,61.7,0.0,999.9,0,753
1,2024,05,27,2024-05-27,67.8,62.8,9999.9,999.9,14.9,24.1,999.9,75.2,63.9,0.0,999.9,0,749
2,2024,05,28,2024-05-28,66.1,62.6,9999.9,999.9,7.4,13.0,999.9,71.8,64.0,0.0,999.9,0,746
3,2024,05,29,2024-05-29,60.0,56.0,9999.9,999.9,20.3,28.9,999.9,64.4,58.6,0.0,999.9,0,768
4,2024,05,30,2024-05-30,59.0,49.9,9999.9,999.9,13.2,19.0,999.9,60.6,57.4,0.0,999.9,0,745
5,2024,05,31,2024-05-31,64.6,55.1,9999.9,999.9,9.0,18.1,999.9,72.9,59.2,0.0,999.9,0,758
6,2024,06,01,2024-06-01,66.3,60.5,9999.9,999.9,12.0,20.0,999.9,70.0,62.2,0.0,999.9,0,889
7,2024,06,02,2024-06-02,63.8,63.1,9999.9,999.9,9.8,18.1,999.9,69.4,61.0,0.0,999.9,0,739
1,2024,06,03,2024-06-03,68.7,65.6,9999.9,999.9,10.5,19.0,999.9,79.2,63.7,0.0,999.9,0,817
2,2024,06,04,2024-06-04,77.1,67.9,9999.9,999.9,15.0,21.0,999.9,85.5,72.7,0.0,999.9,0,732
3,2024,06,05,2024-06-05,75.7,69.3,9999.9,999.9,16.6,26.0,999.9,81.1,70.7,0.0,999.9,0,792
4,2024,06,06,2024-06-06,76.5,55.7,9999.9,999.9,18.9,36.9,999.9,81.7,70.3,0.0,999.9,0,836
5,2024,06,07,2024-06-07,72.1,52.6,9999.9,999.9,19.2,34.0,999.9,78.3,66.2,0.0,999.9,0,810
6,2024,06,08,2024-06-08,69.9,58.6,9999.9,999.9,10.0,24.1,999.9,79.5,61.7,0.0,999.9,0,762
7,2024,06,09,2024-06-09,68.4,55.5,9999.9,999.9,18.0,32.1,999.9,81.1,61.0,0.0,999.9,0,768
1,2024,06,10,2024-06-10,60.6,53.6,9999.9,999.9,19.3,28.0,999.9,66.9,57.7,0.0,999.9,0,748
2,2024,06,11,2024-06-11,62.9,53.0,9999.9,999.9,8.4,15.9,999.9,67.8,59.9,0.0,999.9,0,656
3,2024,06,12,2024-06-12,75.8,60.9,9999.9,999.9,14.9,28.9,999.9,84.4,68.9,0.0,999.9,0,713
4,2024,06,13,2024-06-13,84.8,68.5,9999.9,999.9,16.1,22.9,999.9,90.7,78.3,0.0,999.9,0,763
5,2024,06,14,2024-06-14,73.7,69.5,9999.9,999.9,10.6,17.1,999.9,82.2,68.4,0.0,999.9,0,722
6,2024,06,15,2024-06-15,72.9,66.7,9999.9,999.9,11.3,19.0,999.9,80.1,69.3,0.0,999.9,0,841
7,2024,06,16,2024-06-16,79.3,67.6,9999.9,999.9,20.3,34.0,999.9,95.5,72.3,0.0,999.9,0,809
1,2024,06,17,2024-06-17,88.3,73.1,9999.9,999.9,18.1,28.9,999.9,96.1,79.7,0.0,999.9,0,841
2,2024,06,18,2024-06-18,84.7,74.3,9999.9,999.9,23.5,34.0,999.9,96.6,79.0,0.0,999.9,0,806
3,2024,06,19,2024-06-19,86.5,72.7,9999.9,999.9,19.4,35.0,999.9,91.8,82.4,0.0,999.9,0,764
4,2024,06,20,2024-06-20,72.7,69.3,9999.9,999.9,13.0,22.0,999.9,93.4,66.4,0.0,999.9,0,762
5,2024,06,21,2024-06-21,72.1,71.3,9999.9,999.9,7.6,18.1,999.9,82.2,67.3,0.0,999.9,0,825
6,2024,06,22,2024-06-22,82.3,71.1,9999.9,999.9,16.9,31.1,999.9,93.4,69.1,0.0,999.9,0,787
7,2024,06,23,2024-06-23,79.8,75.7,9999.9,999.9,16.3,33.0,999.9,91.2,73.9,0.0,999.9,0,751
1,2024,06,24,2024-06-24,78.4,74.2,9999.9,999.9,7.4,12.0,999.9,82.8,75.0,0.0,999.9,0,792
2,2024,06,25,2024-06-25,82.2,74.2,9999.9,999.9,24.0,35.9,999.9,86.7,72.9,0.0,999.9,0,760
3,2024,06,26,2024-06-26,79.8,73.6,9999.9,999.9,11.4,31.1,999.9,85.6,76.5,0.0,999.9,0,743
4,2024,06,27,2024-06-27,65.4,55.3,9999.9,999.9,9.5,12.0,999.9,65.5,65.1,0.0,999.9,0,720
5,2024,06,28,2024-06-28,69.9,64.6,9999.9,999.9,13.2,24.1,999.9,74.8,65.7,0.0,999.9,0,669
6,2024,06,29,2024-06-29,79.1,74.5,9999.9,999.9,11.2,20.0,999.9,89.2,72.9,0.0,999.9,0,768
7,2024,06,30,2024-06-30,69.8,59.2,9999.9,999.9,21.5,28.0,999.9,87.3,62.2,0.0,999.9,0,809
1,2024,07,01,2024-07-01,66.2,53.5,9999.9,999.9,12.4,19.0,999.9,68.7,64.8,0.0,999.9,0,850
2,2024,07,02,2024-07-02,71.2,62.2,9999.9,999.9,16.1,26.0,999.9,80.1,68.0,0.0,999.9,0,804
3,2024,07,03,2024-07-03,79.5,68.8,9999.9,999.9,16.1,28.0,999.9,83.1,75.9,0.0,999.9,0,823
4,2024,07,04,2024-07-04,79.4,71.0,9999.9,999.9,5.4,9.9,999.9,84.2,75.7,0.0,999.9,0,823
5,2024,07,05,2024-07-05,77.6,67.2,9999.9,999.9,13.8,22.0,999.9,82.4,74.1,0.0,999.9,0,877
6,2024,07,06,2024-07-06,72.0,65.5,9999.9,999.9,10.7,21.0,999.9,78.4,69.3,0.0,999.9,0,796
7,2024,07,07,2024-07-07,73.6,66.8,9999.9,999.9,10.8,22.9,999.9,80.6,68.9,0.0,999.9,0,793
1,2024,07,08,2024-07-08,76.1,69.8,9999.9,999.9,11.2,19.0,999.9,85.1,70.3,0.0,999.9,0,783
2,2024,07,09,2024-07-09,76.5,70.7,9999.9,999.9,5.3,11.1,999.9,80.2,72.5,0.0,999.9,0,722
3,2024,07,10,2024-07-10,71.0,69.2,9999.9,999.9,14.7,28.0,999.9,72.5,67.8,0.0,999.9,0,678
4,2024,07,11,2024-07-11,71.4,69.5,9999.9,999.9,7.0,12.0,999.9,72.3,70.5,0.0,999.9,0,761
5,2024,07,12,2024-07-12,72.3,70.9,9999.9,999.9,6.8,11.1,999.9,75.0,71.2,0.0,999.9,0,789
6,2024,07,13,2024-07-13,75.8,72.4,9999.9,999.9,7.4,26.0,999.9,84.6,72.1,0.0,999.9,0,816
7,2024,07,14,2024-07-14,78.7,70.6,9999.9,999.9,16.4,24.1,999.9,88.0,70.0,0.0,999.9,0,701
1,2024,07,15,2024-07-15,77.1,72.9,9999.9,999.9,12.6,33.0,999.9,87.4,71.6,0.0,999.9,0,722
2,2024,07,16,2024-07-16,77.0,72.0,9999.9,999.9,14.1,27.0,999.9,86.9,70.3,0.0,999.9,0,751
3,2024,07,17,2024-07-17,73.2,69.5,9999.9,999.9,11.1,20.0,999.9,74.8,72.0,0.0,999.9,0,759
4,2024,07,18,2024-07-18,69.0,58.3,9999.9,999.9,17.1,25.1,999.9,73.0,67.5,0.0,999.9,0,679
5,2024,07,19,2024-07-19,70.2,57.8,9999.9,999.9,7.9,13.0,999.9,73.2,66.0,0.0,999.9,0,795
6,2024,07,20,2024-07-20,73.3,61.1,9999.9,999.9,8.0,14.0,999.9,76.3,70.9,0.0,999.9,0,778
7,2024,07,21,2024-07-21,74.5,65.3,9999.9,999.9,4.8,9.9,999.9,77.9,72.5,0.0,999.9,0,835
1,2024,07,22,2024-07-22,72.7,70.5,9999.9,999.9,6.8,11.1,999.9,74.5,71.4,0.0,999.9,0,805
2,2024,07,23,2024-07-23,76.7,67.5,9999.9,999.9,8.5,20.0,999.9,84.0,73.4,0.0,999.9,0,743
3,2024,07,24,2024-07-24,72.0,67.3,9999.9,999.9,10.8,22.9,999.9,75.2,69.8,0.0,999.9,0,794
4,2024,07,25,2024-07-25,70.7,62.4,9999.9,999.9,10.0,14.0,999.9,71.6,70.0,0.0,999.9,0,747
5,2024,07,26,2024-07-26,71.6,60.8,9999.9,999.9,8.6,13.0,999.9,74.8,69.6,0.0,999.9,0,766
6,2024,07,27,2024-07-27,74.6,65.7,9999.9,999.9,11.8,15.9,999.9,77.5,71.2,0.0,999.9,0,816
7,2024,07,28,2024-07-28,76.2,70.6,9999.9,999.9,11.4,18.1,999.9,79.7,72.0,0.0,999.9,0,792
1,2024,07,29,2024-07-29,77.1,74.1,9999.9,999.9,14.4,20.0,999.9,81.9,74.1,0.0,999.9,0,782
2,2024,07,30,2024-07-30,76.2,74.1,9999.9,999.9,6.1,11.1,999.9,81.3,73.9,0.0,999.9,0,725
3,2024,07,31,2024-07-31,79.9,72.8,9999.9,999.9,8.0,13.0,999.9,88.0,76.1,0.0,999.9,0,787
4,2024,08,01,2024-08-01,80.5,74.9,9999.9,999.9,9.3,17.1,999.9,87.6,76.8,0.0,999.9,0,839
5,2024,08,02,2024-08-02,75.5,73.2,9999.9,999.9,14.1,28.9,999.9,81.0,72.3,0.0,999.9,0,790
6,2024,08,03,2024-08-03,77.8,73.3,9999.9,999.9,8.1,12.0,999.9,79.5,76.5,0.0,999.9,0,859
7,2024,08,04,2024-08-04,78.3,72.0,9999.9,999.9,6.9,17.1,999.9,81.9,76.8,0.0,999.9,0,855
1,2024,08,05,2024-08-05,80.2,73.5,9999.9,999.9,12.6,24.1,999.9,85.5,75.4,0.0,999.9,0,786
2,2024,08,06,2024-08-06,73.6,71.9,9999.9,999.9,15.6,31.1,999.9,77.0,69.8,0.0,999.9,0,738
3,2024,08,07,2024-08-07,71.7,62.9,9999.9,999.9,21.7,31.1,999.9,73.6,69.8,0.0,999.9,0,755
4,2024,08,08,2024-08-08,74.3,65.2,9999.9,999.9,8.4,17.1,999.9,77.0,72.9,0.0,999.9,0,698
5,2024,08,09,2024-08-09,71.0,57.8,9999.9,999.9,15.4,25.1,999.9,77.9,64.8,0.0,999.9,0,740
6,2024,08,10,2024-08-10,67.7,53.2,9999.9,999.9,17.2,24.1,999.9,73.9,61.9,0.0,999.9,0,785
7,2024,08,11,2024-08-11,69.9,53.3,9999.9,999.9,13.6,18.1,999.9,75.9,64.0,0.0,999.9,0,729
2,2024,08,13,2024-08-13,74.3,63.8,9999.9,999.9,7.3,11.1,999.9,79.7,70.0,0.0,999.9,0,705
3,2024,08,14,2024-08-14,75.6,68.3,9999.9,999.9,7.2,19.0,999.9,78.4,73.6,0.0,999.9,0,697
4,2024,08,15,2024-08-15,74.4,69.3,9999.9,999.9,18.0,25.1,999.9,77.0,70.7,0.0,999.9,0,704
5,2024,08,16,2024-08-16,76.5,70.6,9999.9,999.9,16.7,33.0,999.9,85.6,68.7,0.0,999.9,0,698
6,2024,08,17,2024-08-17,74.5,70.6,9999.9,999.9,11.7,19.0,999.9,84.7,71.6,0.0,999.9,0,749
7,2024,08,18,2024-08-18,72.4,69.0,9999.9,999.9,16.6,28.9,999.9,75.4,70.7,0.0,999.9,0,740
1,2024,08,19,2024-08-19,71.2,61.7,9999.9,999.9,21.4,26.0,999.9,73.9,70.0,0.0,999.9,0,697
2,2024,08,20,2024-08-20,67.0,54.8,9999.9,999.9,15.6,28.9,999.9,70.7,65.5,0.0,999.9,0,704
3,2024,08,21,2024-08-21,67.9,54.5,9999.9,999.9,7.3,13.0,999.9,72.3,65.5,0.0,999.9,0,677
4,2024,08,22,2024-08-22,69.3,56.4,9999.9,999.9,8.0,15.0,999.9,75.0,65.8,0.0,999.9,0,662
5,2024,08,23,2024-08-23,72.3,59.9,9999.9,999.9,11.5,17.1,999.9,76.1,68.2,0.0,999.9,0,715
6,2024,08,24,2024-08-24,74.6,67.2,9999.9,999.9,9.7,17.1,999.9,77.9,72.0,0.0,999.9,0,778
7,2024,08,25,2024-08-25,81.7,71.1,9999.9,999.9,13.7,24.1,999.9,88.5,77.0,0.0,999.9,0,708
1,2024,08,26,2024-08-26,83.7,70.1,9999.9,999.9,16.7,22.0,999.9,92.3,78.4,0.0,999.9,0,746
2,2024,08,27,2024-08-27,85.2,75.9,9999.9,999.9,12.8,24.1,999.9,91.2,79.0,0.0,999.9,0,713
3,2024,08,28,2024-08-28,77.1,72.4,9999.9,999.9,13.5,25.1,999.9,83.5,72.9,0.0,999.9,0,765
4,2024,08,29,2024-08-29,73.4,71.9,9999.9,999.9,8.7,13.0,999.9,75.0,71.6,0.0,999.9,0,713
5,2024,08,30,2024-08-30,77.2,74.2,9999.9,999.9,10.6,22.9,999.9,81.0,73.6,0.0,999.9,0,794
6,2024,08,31,2024-08-31,75.0,64.5,9999.9,999.9,9.3,18.1,999.9,79.9,69.6,0.0,999.9,0,765
7,2024,09,01,2024-09-01,73.2,62.6,9999.9,999.9,18.9,27.0,999.9,79.2,69.4,0.0,999.9,0,938
1,2024,09,02,2024-09-02,69.5,53.4,9999.9,999.9,14.3,22.0,999.9,70.7,67.3,0.0,999.9,0,789
2,2024,09,03,2024-09-03,68.8,53.6,9999.9,999.9,11.2,17.1,999.9,72.7,63.9,0.0,999.9,0,774
3,2024,09,04,2024-09-04,71.5,58.2,9999.9,999.9,11.0,18.1,999.9,75.7,67.6,0.0,999.9,0,760
4,2024,09,05,2024-09-05,77.2,64.8,9999.9,999.9,9.4,15.0,999.9,85.8,72.0,0.0,999.9,0,795
5,2024,09,06,2024-09-06,70.0,61.4,9999.9,999.9,18.5,26.0,999.9,84.6,64.8,0.0,999.9,0,778
6,2024,09,07,2024-09-07,59.9,48.7,9999.9,999.9,22.8,28.9,999.9,64.9,53.4,0.0,999.9,0,768
7,2024,09,08,2024-09-08,62.8,46.8,9999.9,999.9,11.9,18.1,999.9,71.8,57.6,0.0,999.9,0,747
1,2024,09,09,2024-09-09,70.5,51.7,9999.9,999.9,17.4,26.0,999.9,79.5,63.9,0.0,999.9,0,726
2,2024,09,10,2024-09-10,73.8,55.7,9999.9,999.9,8.5,14.0,999.9,79.2,69.4,0.0,999.9,0,729
3,2024,09,11,2024-09-11,73.6,58.7,9999.9,999.9,10.9,15.9,999.9,79.7,69.4,0.0,999.9,0,733
4,2024,09,12,2024-09-12,73.6,68.1,9999.9,999.9,7.0,13.0,999.9,77.5,72.5,0.0,999.9,0,711
5,2024,09,13,2024-09-13,74.2,68.3,9999.9,999.9,16.0,21.0,999.9,75.7,71.6,0.0,999.9,0,832
6,2024,09,14,2024-09-14,74.1,67.7,9999.9,999.9,11.5,19.0,999.9,77.5,71.4,0.0,999.9,0,790
7,2024,09,15,2024-09-15,74.6,69.3,9999.9,999.9,10.4,17.1,999.9,77.2,72.0,0.0,999.9,0,807
1,2024,09,16,2024-09-16,74.9,66.4,9999.9,999.9,9.4,14.0,999.9,79.7,72.5,0.0,999.9,0,744
2,2024,09,17,2024-09-17,73.6,65.6,9999.9,999.9,7.7,17.1,999.9,78.6,71.6,0.0,999.9,0,782
3,2024,09,18,2024-09-18,72.7,65.7,9999.9,999.9,9.3,14.0,999.9,75.0,69.8,0.0,999.9,0,740
4,2024,09,19,2024-09-19,74.1,66.4,9999.9,999.9,8.7,19.0,999.9,77.9,70.3,0.0,999.9,0,757
5,2024,09,20,2024-09-20,76.6,67.9,9999.9,999.9,13.4,22.9,999.9,82.4,73.9,0.0,999.9,0,821
6,2024,09,21,2024-09-21,76.2,67.2,9999.9,999.9,6.4,15.9,999.9,79.7,72.5,0.0,999.9,0,805
7,2024,09,22,2024-09-22,75.0,66.1,9999.9,999.9,9.5,17.1,999.9,81.1,68.5,0.0,999.9,0,731
1,2024,09,23,2024-09-23,66.3,59.5,9999.9,999.9,20.1,31.1,999.9,71.6,64.4,0.0,999.9,0,746
2,2024,09,24,2024-09-24,66.7,65.9,9999.9,999.9,9.4,19.0,999.9,68.2,65.1,0.0,999.9,0,610
3,2024,09,25,2024-09-25,66.0,60.0,9999.9,999.9,11.8,17.1,999.9,70.9,62.6,0.0,999.9,0,759
4,2024,09,26,2024-09-26,69.0,60.5,9999.9,999.9,7.3,13.0,999.9,71.1,66.9,0.0,999.9,0,752
5,2024,09,27,2024-09-27,70.2,62.4,9999.9,999.9,24.2,34.0,999.9,71.8,68.7,0.0,999.9,0,758
6,2024,09,28,2024-09-28,70.1,64.2,9999.9,999.9,28.0,38.1,999.9,72.9,67.6,0.0,999.9,0,765
7,2024,09,29,2024-09-29,70.5,66.6,9999.9,999.9,19.6,26.0,999.9,72.1,68.2,0.0,999.9,0,747
1,2024,09,30,2024-09-30,70.2,67.3,9999.9,999.9,9.7,15.9,999.9,73.0,68.5,0.0,999.9,0,776
2,2024,10,01,2024-10-01,68.0,59.5,9999.9,999.9,15.3,32.1,999.9,72.7,62.6,0.0,999.9,0,845
3,2024,10,02,2024-10-02,63.5,40.7,9999.9,999.9,12.6,21.0,999.9,71.6,58.5,0.0,999.9,0,722
4,2024,10,03,2024-10-03,67.4,47.4,9999.9,999.9,12.4,22.0,999.9,71.4,61.7,0.0,999.9,0,713
5,2024,10,04,2024-10-04,67.8,56.3,9999.9,999.9,15.6,21.0,999.9,69.6,65.5,0.0,999.9,0,758
6,2024,10,05,2024-10-05,68.4,58.0,9999.9,999.9,19.1,27.0,999.9,80.8,64.4,0.0,999.9,0,769
7,2024,10,06,2024-10-06,73.3,52.1,9999.9,999.9,23.5,32.1,999.9,78.4,67.5,0.0,999.9,0,736
1,2024,10,07,2024-10-07,60.4,44.1,9999.9,999.9,15.1,26.0,999.9,67.6,55.6,0.0,999.9,0,760
2,2024,10,08,2024-10-08,63.5,40.8,9999.9,999.9,10.9,15.9,999.9,72.1,58.3,0.0,999.9,0,667
3,2024,10,09,2024-10-09,63.0,51.6,9999.9,999.9,9.0,15.9,999.9,67.5,59.0,0.0,999.9,0,689
4,2024,10,10,2024-10-10,63.3,48.4,9999.9,999.9,12.3,18.1,999.9,65.8,61.9,0.0,999.9,0,732
5,2024,10,11,2024-10-11,69.5,49.8,9999.9,999.9,14.0,22.0,999.9,82.4,63.3,0.0,999.9,0,771
6,2024,10,12,2024-10-12,67.4,55.2,9999.9,999.9,17.7,28.0,999.9,80.4,61.7,0.0,999.9,0,740
7,2024,10,13,2024-10-13,61.9,54.8,9999.9,999.9,19.0,32.1,999.9,65.1,58.6,0.0,999.9,0,652
1,2024,10,14,2024-10-14,52.6,43.8,9999.9,999.9,23.5,36.9,999.9,58.8,48.7,0.0,999.9,0,639
2,2024,10,15,2024-10-15,49.2,42.2,9999.9,999.9,24.4,35.0,999.9,53.2,44.8,0.0,999.9,0,620
3,2024,10,16,2024-10-16,49.3,38.2,9999.9,999.9,17.3,32.1,999.9,55.0,44.4,0.0,999.9,0,675
4,2024,10,17,2024-10-17,55.3,35.4,9999.9,999.9,10.3,15.9,999.9,63.9,50.9,0.0,999.9,0,697
5,2024,10,18,2024-10-18,59.0,39.5,9999.9,999.9,15.6,21.0,999.9,67.1,52.0,0.0,999.9,0,689
6,2024,10,19,2024-10-19,62.2,46.1,9999.9,999.9,11.3,14.0,999.9,67.6,55.4,0.0,999.9,0,722
7,2024,10,20,2024-10-20,67.7,43.4,9999.9,999.9,15.9,26.0,999.9,77.7,61.2,0.0,999.9,0,787
1,2024,10,21,2024-10-21,70.9,44.7,9999.9,999.9,16.7,22.9,999.9,81.7,61.7,0.0,999.9,0,736
2,2024,10,22,2024-10-22,68.4,47.3,9999.9,999.9,19.5,27.0,999.9,78.8,59.7,0.0,999.9,0,734
3,2024,10,23,2024-10-23,65.1,49.5,9999.9,999.9,18.6,25.1,999.9,73.0,60.1,0.0,999.9,0,667
4,2024,10,24,2024-10-24,59.1,42.5,9999.9,999.9,9.8,17.1,999.9,64.2,54.3,0.0,999.9,0,671
5,2024,10,25,2024-10-25,59.5,50.8,9999.9,999.9,14.7,27.0,999.9,63.9,53.1,0.0,999.9,0,737
6,2024,10,26,2024-10-26,55.3,41.5,9999.9,999.9,16.5,20.0,999.9,61.2,52.0,0.0,999.9,0,771
7,2024,10,27,2024-10-27,54.1,38.1,9999.9,999.9,7.4,12.0,999.9,58.5,49.6,0.0,999.9,0,719
1,2024,10,28,2024-10-28,57.6,40.1,9999.9,999.9,16.0,20.0,999.9,64.9,52.2,0.0,999.9,0,726
2,2024,10,29,2024-10-29,71.7,58.8,9999.9,999.9,29.6,36.9,999.9,81.1,64.2,0.0,999.9,0,762
3,2024,10,30,2024-10-30,74.0,60.0,9999.9,999.9,33.0,40.0,999.9,79.3,69.8,0.0,999.9,0,802
4,2024,10,31,2024-10-31,67.7,58.3,9999.9,999.9,30.1,38.1,999.9,75.4,54.5,0.0,999.9,0,774
5,2024,11,01,2024-11-01,47.5,38.5,9999.9,999.9,18.4,36.9,999.9,51.4,44.2,0.0,999.9,0,896
6,2024,11,02,2024-11-02,52.1,44.3,9999.9,999.9,10.9,15.9,999.9,56.7,49.1,0.0,999.9,0,672
7,2024,11,03,2024-11-03,58.1,45.9,9999.9,999.9,22.6,29.9,999.9,63.5,55.8,0.0,999.9,0,689
1,2024,11,04,2024-11-04,66.2,63.1,9999.9,999.9,19.6,28.9,999.9,69.4,63.9,0.0,999.9,0,680
2,2024,11,05,2024-11-05,66.2,65.7,9999.9,999.9,26.4,35.9,999.9,69.1,64.0,0.0,999.9,0,570
3,2024,11,06,2024-11-06,59.1,54.5,9999.9,999.9,13.2,32.1,999.9,66.6,53.6,0.0,999.9,0,674
4,2024,11,07,2024-11-07,53.5,46.4,9999.9,999.9,10.2,22.9,999.9,57.7,50.4,0.0,999.9,0,714
5,2024,11,08,2024-11-08,55.3,44.4,9999.9,999.9,12.7,19.0,999.9,61.5,50.2,0.0,999.9,0,734
6,2024,11,09,2024-11-09,55.3,46.6,9999.9,999.9,21.4,26.0,999.9,57.9,53.2,0.0,999.9,0,713
7,2024,11,10,2024-11-10,56.8,51.8,9999.9,999.9,19.7,35.9,999.9,64.0,51.8,0.0,999.9,0,645
1,2024,11,11,2024-11-11,55.9,47.3,9999.9,999.9,20.8,33.0,999.9,58.6,51.1,0.0,999.9,0,665
2,2024,11,12,2024-11-12,48.9,39.6,9999.9,999.9,18.7,28.0,999.9,51.3,46.4,0.0,999.9,0,725
3,2024,11,13,2024-11-13,49.8,40.5,9999.9,999.9,23.4,28.9,999.9,55.0,47.3,0.0,999.9,0,651
4,2024,11,14,2024-11-14,54.3,53.2,9999.9,999.9,16.2,32.1,999.9,56.1,51.6,0.0,999.9,0,754
5,2024,11,15,2024-11-15,52.5,47.3,9999.9,999.9,11.7,19.0,999.9,54.3,51.3,0.0,999.9,0,712
6,2024,11,16,2024-11-16,53.2,43.8,9999.9,999.9,12.4,24.1,999.9,54.3,51.6,0.0,999.9,0,697
7,2024,11,17,2024-11-17,53.4,48.4,9999.9,999.9,19.0,32.1,999.9,60.8,50.5,0.0,999.9,0,629
5,2024,11,22,2024-11-22,46.1,41.4,9999.9,999.9,24.0,42.9,999.9,49.3,42.1,0.0,999.9,0,655
6,2024,11,23,2024-11-23,44.4,39.6,9999.9,999.9,13.7,22.0,999.9,48.2,41.5,0.0,999.9,0,649
7,2024,11,24,2024-11-24,44.1,41.1,9999.9,999.9,14.1,21.0,999.9,52.2,40.5,0.0,999.9,0,637
1,2024,11,25,2024-11-25,53.1,48.1,9999.9,999.9,11.8,22.0,999.9,55.8,48.0,0.0,999.9,0,663
2,2024,11,26,2024-11-26,37.7,27.5,9999.9,999.9,19.8,28.0,999.9,46.9,29.8,0.0,999.9,0,661
3,2024,11,27,2024-11-27,42.2,28.3,9999.9,999.9,7.7,15.9,999.9,44.6,39.7,0.0,999.9,0,632
4,2024,11,28,2024-11-28,36.6,29.2,9999.9,999.9,19.6,35.0,999.9,46.0,30.9,0.0,999.9,0,418
5,2024,11,29,2024-11-29,27.9,18.5,9999.9,999.9,23.4,28.9,999.9,31.6,24.8,0.0,999.9,0,553
6,2024,11,30,2024-11-30,22.0,13.0,9999.9,999.9,19.8,24.1,999.9,26.8,17.4,0.0,999.9,0,542
1,2024,12,02,2024-12-02,24.1,17.4,9999.9,999.9,12.0,17.1,999.9,27.7,20.8,0.0,999.9,0,658
2,2024,12,03,2024-12-03,27.1,21.0,9999.9,999.9,17.1,27.0,999.9,32.0,25.0,0.0,999.9,0,674
3,2024,12,04,2024-12-04,32.2,26.3,9999.9,999.9,27.4,35.0,999.9,42.1,25.7,0.0,999.9,0,629
4,2024,12,05,2024-12-05,23.3,8.7,9999.9,999.9,29.3,45.1,999.9,39.7,15.3,0.0,999.9,0,643
5,2024,12,06,2024-12-06,27.2,13.9,9999.9,999.9,15.8,22.0,999.9,35.1,21.4,0.0,999.9,0,640
6,2024,12,07,2024-12-07,36.8,20.0,9999.9,999.9,20.5,29.9,999.9,51.8,30.2,0.0,999.9,0,721
7,2024,12,08,2024-12-08,48.9,35.9,9999.9,999.9,21.7,32.1,999.9,55.4,44.6,0.0,999.9,0,691
1,2024,12,09,2024-12-09,51.1,42.6,9999.9,999.9,18.3,27.0,999.9,54.7,46.2,0.0,999.9,0,702
2,2024,12,10,2024-12-10,41.7,29.7,9999.9,999.9,13.9,18.1,999.9,54.3,34.9,0.0,999.9,0,709
3,2024,12,11,2024-12-11,32.1,22.6,9999.9,999.9,17.3,36.9,999.9,34.7,26.8,0.0,999.9,0,653
4,2024,12,12,2024-12-12,14.4,1.2,9999.9,999.9,22.9,36.9,999.9,25.5,7.7,0.0,999.9,0,546
5,2024,12,13,2024-12-13,20.3,10.7,9999.9,999.9,10.1,15.9,999.9,29.7,15.6,0.0,999.9,0,619
6,2024,12,14,2024-12-14,33.5,25.5,9999.9,999.9,20.7,27.0,999.9,41.4,29.7,0.0,999.9,0,658
7,2024,12,15,2024-12-15,42.1,41.5,9999.9,999.9,13.9,28.0,999.9,46.0,39.6,0.0,999.9,0,626
1,2024,12,16,2024-12-16,47.0,46.4,9999.9,999.9,15.2,31.1,999.9,55.2,41.7,0.0,999.9,0,628
2,2024,12,17,2024-12-17,40.2,34.7,9999.9,999.9,19.1,38.1,999.9,43.3,36.7,0.0,999.9,0,606
3,2024,12,18,2024-12-18,36.0,30.6,9999.9,999.9,11.6,19.0,999.9,39.9,32.2,0.0,999.9,0,653
4,2024,12,19,2024-12-19,30.9,22.3,9999.9,999.9,12.1,22.9,999.9,34.7,28.9,0.0,999.9,0,586
5,2024,12,20,2024-12-20,35.4,33.0,9999.9,999.9,21.4,38.1,999.9,37.8,32.9,0.0,999.9,0,651
6,2024,12,21,2024-12-21,27.3,21.6,9999.9,999.9,18.0,32.1,999.9,32.0,23.0,0.0,999.9,0,607
7,2024,12,22,2024-12-22,28.9,21.6,9999.9,999.9,13.1,22.9,999.9,35.4,26.1,0.0,999.9,0,617
1,2024,12,23,2024-12-23,37.6,29.2,9999.9,999.9,24.6,33.0,999.9,42.4,34.9,0.0,999.9,0,684
2,2024,12,24,2024-12-24,38.6,35.2,9999.9,999.9,13.5,18.1,999.9,44.2,36.5,0.0,999.9,0,566
3,2024,12,25,2024-12-25,37.6,35.1,9999.9,999.9,7.7,14.0,999.9,39.0,36.0,0.0,999.9,0,507
4,2024,12,26,2024-12-26,40.9,40.9,9999.9,999.9,7.7,17.1,999.9,47.8,38.8,0.0,999.9,0,546
5,2024,12,27,2024-12-27,45.0,45.0,9999.9,999.9,13.9,20.0,999.9,49.3,43.0,0.0,999.9,0,566
6,2024,12,28,2024-12-28,51.0,48.0,9999.9,999.9,20.8,31.1,999.9,54.0,45.5,0.0,999.9,0,663
7,2024,12,29,2024-12-29,45.1,44.4,9999.9,999.9,13.0,28.0,999.9,52.7,39.6,0.0,999.9,0,644
1,2024,12,30,2024-12-30,39.8,38.1,9999.9,999.9,12.8,19.0,999.9,43.9,36.7,0.0,999.9,0,643
2,2024,12,31,2024-12-31,41.4,40.7,9999.9,999.9,19.0,34.0,999.9,44.2,37.9,0.0,999.9,0,598